"Date","Screen","Template","Zone","Content URL","Type","Duration (s)"
"3/4/2026, 8:44:31 pm","ABC","Dil se Godlike (Copy)","zone-1773301729954","https://res.cloudinary.com/drxxhphoz/image/upload/v1773399142/dnuhdotxoncgwru7qitz.jpg","image",11.041
"3/4/2026, 8:44:31 pm","ABC","Dil se Godlike (Copy)","zone-1773730231601","https://res.cloudinary.com/drxxhphoz/image/upload/v1773399142/dnuhdotxoncgwru7qitz.jpg","image",11.042
"3/4/2026, 8:44:20 pm","ABC","Dil se Godlike (Copy)","zone-1773730231601","https://res.cloudinary.com/drxxhphoz/image/upload/v1773399142/eepeb8uu9okckyxp3gsu.jpg","image",11.004
"3/4/2026, 8:44:20 pm","ABC","Dil se Godlike (Copy)","zone-1773301729954","https://res.cloudinary.com/drxxhphoz/image/upload/v1773399142/eepeb8uu9okckyxp3gsu.jpg","image",11.003
"3/4/2026, 8:44:09 pm","ABC","Dil se Godlike (Copy)","zone-1773730231601","https://res.cloudinary.com/drxxhphoz/image/upload/v1773399148/vtuphkntyfwc8wjfithg.png","image",10.987
"3/4/2026, 8:44:09 pm","ABC","Dil se Godlike (Copy)","zone-1773301729954","https://res.cloudinary.com/drxxhphoz/image/upload/v1773399148/vtuphkntyfwc8wjfithg.png","image",10.986
"3/4/2026, 8:43:58 pm","ABC","Dil se Godlike (Copy)","zone-1773301729954","https://res.cloudinary.com/drxxhphoz/image/upload/v1773399142/dnuhdotxoncgwru7qitz.jpg","image",11.006
"3/4/2026, 8:43:58 pm","ABC","Dil se Godlike (Copy)","zone-1773730231601","https://res.cloudinary.com/drxxhphoz/image/upload/v1773399142/dnuhdotxoncgwru7qitz.jpg","image",11.007
"3/4/2026, 8:43:47 pm","ABC","Dil se Godlike (Copy)","zone-1773730231601","https://res.cloudinary.com/drxxhphoz/image/upload/v1773399142/eepeb8uu9okckyxp3gsu.jpg","image",10.679
"3/4/2026, 8:43:47 pm","ABC","Dil se Godlike (Copy)","zone-1773301729954","https://res.cloudinary.com/drxxhphoz/image/upload/v1773399142/eepeb8uu9okckyxp3gsu.jpg","image",10.678
"3/4/2026, 8:43:47 pm","ABC","Dil se Godlike (Copy)","zone-1773730231601","https://res.cloudinary.com/drxxhphoz/image/upload/v1773399148/vtuphkntyfwc8wjfithg.png","image",0.044
"3/4/2026, 8:43:47 pm","ABC","Dil se Godlike (Copy)","zone-1773301729954","https://res.cloudinary.com/drxxhphoz/image/upload/v1773399148/vtuphkntyfwc8wjfithg.png","image",0.043
"3/4/2026, 8:43:42 pm","ABC","Dil se Godlike (Copy)","zone-1773730231601","https://res.cloudinary.com/drxxhphoz/image/upload/v1773399148/vtuphkntyfwc8wjfithg.png","image",5.247
"3/4/2026, 8:43:42 pm","ABC","Dil se Godlike (Copy)","zone-1773301729954","https://res.cloudinary.com/drxxhphoz/image/upload/v1773399148/vtuphkntyfwc8wjfithg.png","image",5.246
"3/4/2026, 8:43:31 pm","ABC","Dil se Godlike (Copy)","zone-1773730231601","https://res.cloudinary.com/drxxhphoz/image/upload/v1773399142/dnuhdotxoncgwru7qitz.jpg","image",10.765
"3/4/2026, 8:43:31 pm","ABC","Dil se Godlike (Copy)","zone-1773301729954","https://res.cloudinary.com/drxxhphoz/image/upload/v1773399142/dnuhdotxoncgwru7qitz.jpg","image",10.759
"3/4/2026, 8:43:20 pm","ABC","Dil se Godlike (Copy)","zone-1773730231601","https://res.cloudinary.com/drxxhphoz/image/upload/v1773399142/eepeb8uu9okckyxp3gsu.jpg","image",11.247
"3/4/2026, 8:43:20 pm","ABC","Dil se Godlike (Copy)","zone-1773301729954","https://res.cloudinary.com/drxxhphoz/image/upload/v1773399142/eepeb8uu9okckyxp3gsu.jpg","image",11.245
"3/4/2026, 8:43:09 pm","ABC","Dil se Godlike (Copy)","zone-1773730231601","https://res.cloudinary.com/drxxhphoz/image/upload/v1773399148/vtuphkntyfwc8wjfithg.png","image",11.016
"3/4/2026, 8:43:09 pm","ABC","Dil se Godlike (Copy)","zone-1773301729954","https://res.cloudinary.com/drxxhphoz/image/upload/v1773399148/vtuphkntyfwc8wjfithg.png","image",11.015
"3/4/2026, 8:42:58 pm","ABC","Dil se Godlike (Copy)","zone-1773301729954","https://res.cloudinary.com/drxxhphoz/image/upload/v1773399142/dnuhdotxoncgwru7qitz.jpg","image",10.97
"3/4/2026, 8:42:58 pm","ABC","Dil se Godlike (Copy)","zone-1773730231601","https://res.cloudinary.com/drxxhphoz/image/upload/v1773399142/dnuhdotxoncgwru7qitz.jpg","image",10.971
"3/4/2026, 8:42:47 pm","ABC","Dil se Godlike (Copy)","zone-1773301729954","https://res.cloudinary.com/drxxhphoz/image/upload/v1773399142/eepeb8uu9okckyxp3gsu.jpg","image",10.718
"3/4/2026, 8:42:47 pm","ABC","Dil se Godlike (Copy)","zone-1773730231601","https://res.cloudinary.com/drxxhphoz/image/upload/v1773399142/eepeb8uu9okckyxp3gsu.jpg","image",10.735
"3/4/2026, 8:42:47 pm","ABC","Dil se Godlike (Copy)","zone-1773730231601","https://res.cloudinary.com/drxxhphoz/image/upload/v1773399148/vtuphkntyfwc8wjfithg.png","image",0.004
"3/4/2026, 8:42:47 pm","ABC","Dil se Godlike (Copy)","zone-1773301729954","https://res.cloudinary.com/drxxhphoz/image/upload/v1773399148/vtuphkntyfwc8wjfithg.png","image",0.002
"3/4/2026, 8:42:47 pm","ABC","Dil se Godlike (Copy)","zone-1773301722514","https://res.cloudinary.com/drxxhphoz/video/upload/v1774194775/va4svnm2gihe60shgtjg.mp4","video",59.993
"3/4/2026, 8:42:42 pm","ABC","Dil se Godlike (Copy)","zone-1773730231601","https://res.cloudinary.com/drxxhphoz/image/upload/v1773399148/vtuphkntyfwc8wjfithg.png","image",5.269
"3/4/2026, 8:42:42 pm","ABC","Dil se Godlike (Copy)","zone-1773301729954","https://res.cloudinary.com/drxxhphoz/image/upload/v1773399148/vtuphkntyfwc8wjfithg.png","image",5.269
"3/4/2026, 8:42:31 pm","ABC","Dil se Godlike (Copy)","zone-1773730231601","https://res.cloudinary.com/drxxhphoz/image/upload/v1773399142/dnuhdotxoncgwru7qitz.jpg","image",11.002
"3/4/2026, 8:42:31 pm","ABC","Dil se Godlike (Copy)","zone-1773301729954","https://res.cloudinary.com/drxxhphoz/image/upload/v1773399142/dnuhdotxoncgwru7qitz.jpg","image",11.001
"3/4/2026, 8:42:20 pm","ABC","Dil se Godlike (Copy)","zone-1773301729954","https://res.cloudinary.com/drxxhphoz/image/upload/v1773399142/eepeb8uu9okckyxp3gsu.jpg","image",10.993
"3/4/2026, 8:42:20 pm","ABC","Dil se Godlike (Copy)","zone-1773730231601","https://res.cloudinary.com/drxxhphoz/image/upload/v1773399142/eepeb8uu9okckyxp3gsu.jpg","image",10.993
"3/4/2026, 8:42:09 pm","ABC","Dil se Godlike (Copy)","zone-1773730231601","https://res.cloudinary.com/drxxhphoz/image/upload/v1773399148/vtuphkntyfwc8wjfithg.png","image",11.007
"3/4/2026, 8:42:09 pm","ABC","Dil se Godlike (Copy)","zone-1773301729954","https://res.cloudinary.com/drxxhphoz/image/upload/v1773399148/vtuphkntyfwc8wjfithg.png","image",11.004
"3/4/2026, 8:41:58 pm","ABC","Dil se Godlike (Copy)","zone-1773301729954","https://res.cloudinary.com/drxxhphoz/image/upload/v1773399142/dnuhdotxoncgwru7qitz.jpg","image",10.997
"3/4/2026, 8:41:58 pm","ABC","Dil se Godlike (Copy)","zone-1773730231601","https://res.cloudinary.com/drxxhphoz/image/upload/v1773399142/dnuhdotxoncgwru7qitz.jpg","image",10.999
"3/4/2026, 8:41:48 pm","ABC","Dil se Godlike (Copy)","zone-1773301729954","https://res.cloudinary.com/drxxhphoz/image/upload/v1773399142/eepeb8uu9okckyxp3gsu.jpg","image",10.597
"3/4/2026, 8:41:48 pm","ABC","Dil se Godlike (Copy)","zone-1773730231601","https://res.cloudinary.com/drxxhphoz/image/upload/v1773399142/eepeb8uu9okckyxp3gsu.jpg","image",10.598
"3/4/2026, 8:41:48 pm","ABC","Dil se Godlike (Copy)","zone-1773301729954","https://res.cloudinary.com/drxxhphoz/image/upload/v1773399148/vtuphkntyfwc8wjfithg.png","image",0.009
"3/4/2026, 8:41:48 pm","ABC","Dil se Godlike (Copy)","zone-1773730231601","https://res.cloudinary.com/drxxhphoz/image/upload/v1773399148/vtuphkntyfwc8wjfithg.png","image",0.01
"3/4/2026, 8:41:47 pm","ABC","Dil se Godlike (Copy)","zone-1773301722514","https://res.cloudinary.com/drxxhphoz/video/upload/v1774194775/va4svnm2gihe60shgtjg.mp4","video",59.919
"3/4/2026, 8:41:42 pm","ABC","Dil se Godlike (Copy)","zone-1773730231601","https://res.cloudinary.com/drxxhphoz/image/upload/v1773399148/vtuphkntyfwc8wjfithg.png","image",5.348
"3/4/2026, 8:41:42 pm","ABC","Dil se Godlike (Copy)","zone-1773301729954","https://res.cloudinary.com/drxxhphoz/image/upload/v1773399148/vtuphkntyfwc8wjfithg.png","image",5.347
"3/4/2026, 8:41:31 pm","ABC","Dil se Godlike (Copy)","zone-1773730231601","https://res.cloudinary.com/drxxhphoz/image/upload/v1773399142/dnuhdotxoncgwru7qitz.jpg","image",10.985
"3/4/2026, 8:41:31 pm","ABC","Dil se Godlike (Copy)","zone-1773301729954","https://res.cloudinary.com/drxxhphoz/image/upload/v1773399142/dnuhdotxoncgwru7qitz.jpg","image",10.985
"3/4/2026, 8:41:20 pm","ABC","Dil se Godlike (Copy)","zone-1773730231601","https://res.cloudinary.com/drxxhphoz/image/upload/v1773399142/eepeb8uu9okckyxp3gsu.jpg","image",11.008
"3/4/2026, 8:41:20 pm","ABC","Dil se Godlike (Copy)","zone-1773301729954","https://res.cloudinary.com/drxxhphoz/image/upload/v1773399142/eepeb8uu9okckyxp3gsu.jpg","image",11.004
"3/4/2026, 8:41:09 pm","ABC","Dil se Godlike (Copy)","zone-1773730231601","https://res.cloudinary.com/drxxhphoz/image/upload/v1773399148/vtuphkntyfwc8wjfithg.png","image",10.998
"3/4/2026, 8:41:09 pm","ABC","Dil se Godlike (Copy)","zone-1773301729954","https://res.cloudinary.com/drxxhphoz/image/upload/v1773399148/vtuphkntyfwc8wjfithg.png","image",10.997
"3/4/2026, 8:40:58 pm","ABC","Dil se Godlike (Copy)","zone-1773301729954","https://res.cloudinary.com/drxxhphoz/image/upload/v1773399142/dnuhdotxoncgwru7qitz.jpg","image",10.992
"3/4/2026, 8:40:58 pm","ABC","Dil se Godlike (Copy)","zone-1773730231601","https://res.cloudinary.com/drxxhphoz/image/upload/v1773399142/dnuhdotxoncgwru7qitz.jpg","image",10.997
"3/4/2026, 8:40:48 pm","ABC","Dil se Godlike (Copy)","zone-1773730231601","https://res.cloudinary.com/drxxhphoz/image/upload/v1773399142/eepeb8uu9okckyxp3gsu.jpg","image",10.374
"3/4/2026, 8:40:48 pm","ABC","Dil se Godlike (Copy)","zone-1773301729954","https://res.cloudinary.com/drxxhphoz/image/upload/v1773399142/eepeb8uu9okckyxp3gsu.jpg","image",10.37
"3/4/2026, 8:40:48 pm","ABC","Dil se Godlike (Copy)","zone-1773730231601","https://res.cloudinary.com/drxxhphoz/image/upload/v1773399148/vtuphkntyfwc8wjfithg.png","image",0.048
"3/4/2026, 8:40:48 pm","ABC","Dil se Godlike (Copy)","zone-1773301729954","https://res.cloudinary.com/drxxhphoz/image/upload/v1773399148/vtuphkntyfwc8wjfithg.png","image",0.047
"3/4/2026, 8:40:48 pm","ABC","Dil se Godlike (Copy)","zone-1773301722514","https://res.cloudinary.com/drxxhphoz/video/upload/v1774194775/va4svnm2gihe60shgtjg.mp4","video",59.914
"3/4/2026, 8:40:42 pm","ABC","Dil se Godlike (Copy)","zone-1773730231601","https://res.cloudinary.com/drxxhphoz/image/upload/v1773399148/vtuphkntyfwc8wjfithg.png","image",5.408
"3/4/2026, 8:40:42 pm","ABC","Dil se Godlike (Copy)","zone-1773301729954","https://res.cloudinary.com/drxxhphoz/image/upload/v1773399148/vtuphkntyfwc8wjfithg.png","image",5.407
"3/4/2026, 8:40:31 pm","ABC","Dil se Godlike (Copy)","zone-1773730231601","https://res.cloudinary.com/drxxhphoz/image/upload/v1773399142/dnuhdotxoncgwru7qitz.jpg","image",10.983
"3/4/2026, 8:40:31 pm","ABC","Dil se Godlike (Copy)","zone-1773301729954","https://res.cloudinary.com/drxxhphoz/image/upload/v1773399142/dnuhdotxoncgwru7qitz.jpg","image",10.981
"3/4/2026, 8:40:20 pm","ABC","Dil se Godlike (Copy)","zone-1773730231601","https://res.cloudinary.com/drxxhphoz/image/upload/v1773399142/eepeb8uu9okckyxp3gsu.jpg","image",11.023
"3/4/2026, 8:40:20 pm","ABC","Dil se Godlike (Copy)","zone-1773301729954","https://res.cloudinary.com/drxxhphoz/image/upload/v1773399142/eepeb8uu9okckyxp3gsu.jpg","image",11.021
"3/4/2026, 8:40:09 pm","ABC","Dil se Godlike (Copy)","zone-1773730231601","https://res.cloudinary.com/drxxhphoz/image/upload/v1773399148/vtuphkntyfwc8wjfithg.png","image",10.991
"3/4/2026, 8:40:09 pm","ABC","Dil se Godlike (Copy)","zone-1773301729954","https://res.cloudinary.com/drxxhphoz/image/upload/v1773399148/vtuphkntyfwc8wjfithg.png","image",10.991
"3/4/2026, 8:39:58 pm","ABC","Dil se Godlike (Copy)","zone-1773730231601","https://res.cloudinary.com/drxxhphoz/image/upload/v1773399142/dnuhdotxoncgwru7qitz.jpg","image",10.998
"3/4/2026, 8:39:58 pm","ABC","Dil se Godlike (Copy)","zone-1773301729954","https://res.cloudinary.com/drxxhphoz/image/upload/v1773399142/dnuhdotxoncgwru7qitz.jpg","image",10.998
"3/4/2026, 8:39:48 pm","ABC","Dil se Godlike (Copy)","zone-1773301729954","https://res.cloudinary.com/drxxhphoz/image/upload/v1773399142/eepeb8uu9okckyxp3gsu.jpg","image",10.551
"3/4/2026, 8:39:48 pm","ABC","Dil se Godlike (Copy)","zone-1773730231601","https://res.cloudinary.com/drxxhphoz/image/upload/v1773399142/eepeb8uu9okckyxp3gsu.jpg","image",10.551
"3/4/2026, 8:39:48 pm","ABC","Dil se Godlike (Copy)","zone-1773301722514","https://res.cloudinary.com/drxxhphoz/video/upload/v1774194775/va4svnm2gihe60shgtjg.mp4","video",59.966
"3/4/2026, 8:39:39 pm","ABC","Dil se Godlike (Copy)","zone-1773730231601","https://res.cloudinary.com/drxxhphoz/image/upload/v1773399142/eepeb8uu9okckyxp3gsu.jpg","image",8.435
"3/4/2026, 8:39:39 pm","ABC","Dil se Godlike (Copy)","zone-1773301729954","https://res.cloudinary.com/drxxhphoz/image/upload/v1773399142/eepeb8uu9okckyxp3gsu.jpg","image",8.435
"3/4/2026, 8:39:28 pm","ABC","Dil se Godlike (Copy)","zone-1773730231601","https://res.cloudinary.com/drxxhphoz/image/upload/v1773399148/vtuphkntyfwc8wjfithg.png","image",10.904
"3/4/2026, 8:39:28 pm","ABC","Dil se Godlike (Copy)","zone-1773301729954","https://res.cloudinary.com/drxxhphoz/image/upload/v1773399148/vtuphkntyfwc8wjfithg.png","image",10.903
"3/4/2026, 8:39:11 pm","ABC","Dil se Godlike (Copy)","zone-1773301729954","https://res.cloudinary.com/drxxhphoz/image/upload/v1773399142/dnuhdotxoncgwru7qitz.jpg","image",17.068
"3/4/2026, 8:39:11 pm","ABC","Dil se Godlike (Copy)","zone-1773730231601","https://res.cloudinary.com/drxxhphoz/image/upload/v1773399142/dnuhdotxoncgwru7qitz.jpg","image",17.068
"3/4/2026, 8:39:00 pm","ABC","Dil se Godlike (Copy)","zone-1773301729954","https://res.cloudinary.com/drxxhphoz/image/upload/v1773399142/eepeb8uu9okckyxp3gsu.jpg","image",10.689
"3/4/2026, 8:39:00 pm","ABC","Dil se Godlike (Copy)","zone-1773730231601","https://res.cloudinary.com/drxxhphoz/image/upload/v1773399142/eepeb8uu9okckyxp3gsu.jpg","image",10.692
"3/4/2026, 8:38:49 pm","ABC","Dil se Godlike (Copy)","zone-1773730231601","https://res.cloudinary.com/drxxhphoz/image/upload/v1773399148/vtuphkntyfwc8wjfithg.png","image",11.336
"3/4/2026, 8:38:49 pm","ABC","Dil se Godlike (Copy)","zone-1773301729954","https://res.cloudinary.com/drxxhphoz/image/upload/v1773399148/vtuphkntyfwc8wjfithg.png","image",11.335
"3/4/2026, 8:38:38 pm","ABC","Dil se Godlike (Copy)","zone-1773730231601","https://res.cloudinary.com/drxxhphoz/image/upload/v1773399142/dnuhdotxoncgwru7qitz.jpg","image",10.983
"3/4/2026, 8:38:38 pm","ABC","Dil se Godlike (Copy)","zone-1773301729954","https://res.cloudinary.com/drxxhphoz/image/upload/v1773399142/dnuhdotxoncgwru7qitz.jpg","image",10.981
"3/4/2026, 8:38:28 pm","ABC","Dil se Godlike (Copy)","zone-1773301729954","https://res.cloudinary.com/drxxhphoz/image/upload/v1773399142/eepeb8uu9okckyxp3gsu.jpg","image",10.342
"3/4/2026, 8:38:28 pm","ABC","Dil se Godlike (Copy)","zone-1773730231601","https://res.cloudinary.com/drxxhphoz/image/upload/v1773399142/eepeb8uu9okckyxp3gsu.jpg","image",10.342
"3/4/2026, 8:38:28 pm","ABC","Dil se Godlike (Copy)","zone-1773301722514","https://res.cloudinary.com/drxxhphoz/video/upload/v1774194775/va4svnm2gihe60shgtjg.mp4","video",79.752
"3/4/2026, 8:38:28 pm","ABC","Dil se Godlike (Copy)","zone-1773301729954","https://res.cloudinary.com/drxxhphoz/image/upload/v1773399148/vtuphkntyfwc8wjfithg.png","image",0.005
"3/4/2026, 8:38:28 pm","ABC","Dil se Godlike (Copy)","zone-1773730231601","https://res.cloudinary.com/drxxhphoz/image/upload/v1773399148/vtuphkntyfwc8wjfithg.png","image",0.006
"3/4/2026, 8:38:27 pm","ABC","Dil se Godlike (Copy)","zone-1773730231601","https://res.cloudinary.com/drxxhphoz/image/upload/v1773399148/vtuphkntyfwc8wjfithg.png","image",0.442
"3/4/2026, 8:38:27 pm","ABC","Dil se Godlike (Copy)","zone-1773301729954","https://res.cloudinary.com/drxxhphoz/image/upload/v1773399148/vtuphkntyfwc8wjfithg.png","image",0.435
"3/4/2026, 8:38:17 pm","ABC","Dil se Godlike (Copy)","zone-1773730231601","https://res.cloudinary.com/drxxhphoz/image/upload/v1773399142/dnuhdotxoncgwru7qitz.jpg","image",10.369
"3/4/2026, 8:38:17 pm","ABC","Dil se Godlike (Copy)","zone-1773301729954","https://res.cloudinary.com/drxxhphoz/image/upload/v1773399142/dnuhdotxoncgwru7qitz.jpg","image",10.369
"3/4/2026, 8:38:02 pm","ABC","Dil se Godlike (Copy)","zone-1773730231601","https://res.cloudinary.com/drxxhphoz/image/upload/v1773399142/eepeb8uu9okckyxp3gsu.jpg","image",15.019
"3/4/2026, 8:38:02 pm","ABC","Dil se Godlike (Copy)","zone-1773301729954","https://res.cloudinary.com/drxxhphoz/image/upload/v1773399142/eepeb8uu9okckyxp3gsu.jpg","image",15.019
"3/4/2026, 8:38:02 pm","ABC","Dil se Godlike (Copy)","zone-1773730231601","https://res.cloudinary.com/drxxhphoz/image/upload/v1773399142/dnuhdotxoncgwru7qitz.jpg","image",0.022
"3/4/2026, 8:38:02 pm","ABC","Dil se Godlike (Copy)","zone-1773301729954","https://res.cloudinary.com/drxxhphoz/image/upload/v1773399142/dnuhdotxoncgwru7qitz.jpg","image",0.021
"3/4/2026, 8:38:02 pm","ABC","Dil se Godlike (Copy)","zone-1773301722514","https://res.cloudinary.com/drxxhphoz/video/upload/v1774194775/va4svnm2gihe60shgtjg.mp4","video",25.865
"3/4/2026, 8:37:58 pm","ABC","Dil se Godlike (Copy)","zone-1773730231601","https://res.cloudinary.com/drxxhphoz/image/upload/v1773399142/dnuhdotxoncgwru7qitz.jpg","image",3.312
"3/4/2026, 8:37:58 pm","ABC","Dil se Godlike (Copy)","zone-1773301729954","https://res.cloudinary.com/drxxhphoz/image/upload/v1773399142/dnuhdotxoncgwru7qitz.jpg","image",3.311
"3/4/2026, 8:37:47 pm","ABC","Dil se Godlike (Copy)","zone-1773301729954","https://res.cloudinary.com/drxxhphoz/image/upload/v1773399142/eepeb8uu9okckyxp3gsu.jpg","image",11.306
"3/4/2026, 8:37:47 pm","ABC","Dil se Godlike (Copy)","zone-1773730231601","https://res.cloudinary.com/drxxhphoz/image/upload/v1773399142/eepeb8uu9okckyxp3gsu.jpg","image",11.307
"3/4/2026, 8:37:47 pm","ABC","Dil se Godlike (Copy)","zone-1773301722514","https://res.cloudinary.com/drxxhphoz/video/upload/v1774194775/va4svnm2gihe60shgtjg.mp4","video",14.307
"3/4/2026, 8:37:45 pm","ABC","Dil se Godlike (Copy)","zone-1773730231601","https://res.cloudinary.com/drxxhphoz/image/upload/v1773399142/eepeb8uu9okckyxp3gsu.jpg","image",1.262
"3/4/2026, 8:37:45 pm","ABC","Dil se Godlike (Copy)","zone-1773301729954","https://res.cloudinary.com/drxxhphoz/image/upload/v1773399142/eepeb8uu9okckyxp3gsu.jpg","image",1.262
"3/4/2026, 8:19:10 pm","ABC","Dil se Godlike (Copy)","zone-1773730231601","https://res.cloudinary.com/drxxhphoz/image/upload/v1773399148/vtuphkntyfwc8wjfithg.png","image",1115.075
"3/4/2026, 8:19:10 pm","ABC","Dil se Godlike (Copy)","zone-1773301729954","https://res.cloudinary.com/drxxhphoz/image/upload/v1773399148/vtuphkntyfwc8wjfithg.png","image",1115.074
"3/4/2026, 8:18:59 pm","ABC","Dil se Godlike (Copy)","zone-1773730231601","https://res.cloudinary.com/drxxhphoz/image/upload/v1773399142/dnuhdotxoncgwru7qitz.jpg","image",10.987
"3/4/2026, 8:18:59 pm","ABC","Dil se Godlike (Copy)","zone-1773301729954","https://res.cloudinary.com/drxxhphoz/image/upload/v1773399142/dnuhdotxoncgwru7qitz.jpg","image",10.987
"3/4/2026, 8:18:48 pm","ABC","Dil se Godlike (Copy)","zone-1773730231601","https://res.cloudinary.com/drxxhphoz/image/upload/v1773399142/eepeb8uu9okckyxp3gsu.jpg","image",10.925
"3/4/2026, 8:18:48 pm","ABC","Dil se Godlike (Copy)","zone-1773301729954","https://res.cloudinary.com/drxxhphoz/image/upload/v1773399142/eepeb8uu9okckyxp3gsu.jpg","image",10.924
"3/4/2026, 8:18:48 pm","ABC","Dil se Godlike (Copy)","zone-1773301722514","https://res.cloudinary.com/drxxhphoz/video/upload/v1774194775/va4svnm2gihe60shgtjg.mp4","video",1138.255
"3/4/2026, 8:18:48 pm","ABC","Dil se Godlike (Copy)","zone-1773301729954","https://res.cloudinary.com/drxxhphoz/image/upload/v1773399148/vtuphkntyfwc8wjfithg.png","image",0.108
"3/4/2026, 8:18:48 pm","ABC","Dil se Godlike (Copy)","zone-1773730231601","https://res.cloudinary.com/drxxhphoz/image/upload/v1773399148/vtuphkntyfwc8wjfithg.png","image",0.109
"3/4/2026, 8:18:48 pm","ABC","Dil se Godlike (Copy)","zone-1773301722514","https://res.cloudinary.com/drxxhphoz/video/upload/v1774194776/lugb7jxrx6zeldniz6lv.mp4","video",0.15
"3/4/2026, 8:18:42 pm","ABC","Dil se Godlike (Copy)","zone-1773301729954","https://res.cloudinary.com/drxxhphoz/image/upload/v1773399148/vtuphkntyfwc8wjfithg.png","image",5.917
"3/4/2026, 8:18:42 pm","ABC","Dil se Godlike (Copy)","zone-1773730231601","https://res.cloudinary.com/drxxhphoz/image/upload/v1773399148/vtuphkntyfwc8wjfithg.png","image",5.918
"3/4/2026, 8:18:31 pm","ABC","Dil se Godlike (Copy)","zone-1773730231601","https://res.cloudinary.com/drxxhphoz/image/upload/v1773399142/dnuhdotxoncgwru7qitz.jpg","image",10.997
"3/4/2026, 8:18:31 pm","ABC","Dil se Godlike (Copy)","zone-1773301729954","https://res.cloudinary.com/drxxhphoz/image/upload/v1773399142/dnuhdotxoncgwru7qitz.jpg","image",10.996
"3/4/2026, 8:18:20 pm","ABC","Dil se Godlike (Copy)","zone-1773730231601","https://res.cloudinary.com/drxxhphoz/image/upload/v1773399142/eepeb8uu9okckyxp3gsu.jpg","image",10.988
"3/4/2026, 8:18:20 pm","ABC","Dil se Godlike (Copy)","zone-1773301729954","https://res.cloudinary.com/drxxhphoz/image/upload/v1773399142/eepeb8uu9okckyxp3gsu.jpg","image",10.989
"3/4/2026, 8:18:09 pm","ABC","Dil se Godlike (Copy)","zone-1773301729954","https://res.cloudinary.com/drxxhphoz/image/upload/v1773399148/vtuphkntyfwc8wjfithg.png","image",11.008
"3/4/2026, 8:18:09 pm","ABC","Dil se Godlike (Copy)","zone-1773730231601","https://res.cloudinary.com/drxxhphoz/image/upload/v1773399148/vtuphkntyfwc8wjfithg.png","image",11.01
"3/4/2026, 8:17:58 pm","ABC","Dil se Godlike (Copy)","zone-1773730231601","https://res.cloudinary.com/drxxhphoz/image/upload/v1773399142/dnuhdotxoncgwru7qitz.jpg","image",11.001
"3/4/2026, 8:17:58 pm","ABC","Dil se Godlike (Copy)","zone-1773301729954","https://res.cloudinary.com/drxxhphoz/image/upload/v1773399142/dnuhdotxoncgwru7qitz.jpg","image",11
"3/4/2026, 8:17:53 pm","ABC","Dil se Godlike (Copy)","zone-1773301722514","https://res.cloudinary.com/drxxhphoz/video/upload/v1774194776/lugb7jxrx6zeldniz6lv.mp4","video",55.504
"3/4/2026, 8:17:48 pm","ABC","Dil se Godlike (Copy)","zone-1773301729954","https://res.cloudinary.com/drxxhphoz/image/upload/v1773399142/eepeb8uu9okckyxp3gsu.jpg","image",10.615
"3/4/2026, 8:17:48 pm","ABC","Dil se Godlike (Copy)","zone-1773730231601","https://res.cloudinary.com/drxxhphoz/image/upload/v1773399142/eepeb8uu9okckyxp3gsu.jpg","image",10.616
"3/4/2026, 8:17:48 pm","ABC","Dil se Godlike (Copy)","zone-1773730231601","https://res.cloudinary.com/drxxhphoz/image/upload/v1773399148/vtuphkntyfwc8wjfithg.png","image",0.022
"3/4/2026, 8:17:48 pm","ABC","Dil se Godlike (Copy)","zone-1773301729954","https://res.cloudinary.com/drxxhphoz/image/upload/v1773399148/vtuphkntyfwc8wjfithg.png","image",0.021
"3/4/2026, 8:17:48 pm","ABC","Dil se Godlike (Copy)","zone-1773301722514","https://res.cloudinary.com/drxxhphoz/video/upload/v1774194775/va4svnm2gihe60shgtjg.mp4","video",5.053
"3/4/2026, 8:17:42 pm","ABC","Dil se Godlike (Copy)","zone-1773730231601","https://res.cloudinary.com/drxxhphoz/image/upload/v1773399148/vtuphkntyfwc8wjfithg.png","image",5.354
"3/4/2026, 8:17:42 pm","ABC","Dil se Godlike (Copy)","zone-1773301729954","https://res.cloudinary.com/drxxhphoz/image/upload/v1773399148/vtuphkntyfwc8wjfithg.png","image",5.354
"3/4/2026, 8:17:31 pm","ABC","Dil se Godlike (Copy)","zone-1773730231601","https://res.cloudinary.com/drxxhphoz/image/upload/v1773399142/dnuhdotxoncgwru7qitz.jpg","image",10.996
"3/4/2026, 8:17:31 pm","ABC","Dil se Godlike (Copy)","zone-1773301729954","https://res.cloudinary.com/drxxhphoz/image/upload/v1773399142/dnuhdotxoncgwru7qitz.jpg","image",10.993
"3/4/2026, 8:17:20 pm","ABC","Dil se Godlike (Copy)","zone-1773301729954","https://res.cloudinary.com/drxxhphoz/image/upload/v1773399142/eepeb8uu9okckyxp3gsu.jpg","image",11.002
"3/4/2026, 8:17:20 pm","ABC","Dil se Godlike (Copy)","zone-1773730231601","https://res.cloudinary.com/drxxhphoz/image/upload/v1773399142/eepeb8uu9okckyxp3gsu.jpg","image",11.003
"3/4/2026, 8:17:09 pm","ABC","Dil se Godlike (Copy)","zone-1773730231601","https://res.cloudinary.com/drxxhphoz/image/upload/v1773399148/vtuphkntyfwc8wjfithg.png","image",11.001
"3/4/2026, 8:17:09 pm","ABC","Dil se Godlike (Copy)","zone-1773301729954","https://res.cloudinary.com/drxxhphoz/image/upload/v1773399148/vtuphkntyfwc8wjfithg.png","image",11.001
"3/4/2026, 8:16:58 pm","ABC","Dil se Godlike (Copy)","zone-1773730231601","https://res.cloudinary.com/drxxhphoz/image/upload/v1773399142/dnuhdotxoncgwru7qitz.jpg","image",10.995
"3/4/2026, 8:16:58 pm","ABC","Dil se Godlike (Copy)","zone-1773301729954","https://res.cloudinary.com/drxxhphoz/image/upload/v1773399142/dnuhdotxoncgwru7qitz.jpg","image",10.994
"3/4/2026, 8:16:48 pm","ABC","Dil se Godlike (Copy)","zone-1773730231601","https://res.cloudinary.com/drxxhphoz/image/upload/v1773399142/eepeb8uu9okckyxp3gsu.jpg","image",10.453
"3/4/2026, 8:16:48 pm","ABC","Dil se Godlike (Copy)","zone-1773301729954","https://res.cloudinary.com/drxxhphoz/image/upload/v1773399142/eepeb8uu9okckyxp3gsu.jpg","image",10.452
"3/4/2026, 8:16:48 pm","ABC","Dil se Godlike (Copy)","zone-1773730231601","https://res.cloudinary.com/drxxhphoz/image/upload/v1773399142/dnuhdotxoncgwru7qitz.jpg","image",0.037
"3/4/2026, 8:16:48 pm","ABC","Dil se Godlike (Copy)","zone-1773301729954","https://res.cloudinary.com/drxxhphoz/image/upload/v1773399142/dnuhdotxoncgwru7qitz.jpg","image",0.033
"3/4/2026, 8:16:48 pm","ABC","Dil se Godlike (Copy)","zone-1773301722514","https://res.cloudinary.com/drxxhphoz/video/upload/v1774194775/va4svnm2gihe60shgtjg.mp4","video",59.84
"3/4/2026, 8:16:44 pm","ABC","Dil se Godlike (Copy)","zone-1773730231601","https://res.cloudinary.com/drxxhphoz/image/upload/v1773399142/dnuhdotxoncgwru7qitz.jpg","image",3.498
"3/4/2026, 8:16:44 pm","ABC","Dil se Godlike (Copy)","zone-1773301729954","https://res.cloudinary.com/drxxhphoz/image/upload/v1773399142/dnuhdotxoncgwru7qitz.jpg","image",3.497
"3/4/2026, 8:16:33 pm","ABC","Dil se Godlike (Copy)","zone-1773301729954","https://res.cloudinary.com/drxxhphoz/image/upload/v1773399142/eepeb8uu9okckyxp3gsu.jpg","image",11.007
"3/4/2026, 8:16:33 pm","ABC","Dil se Godlike (Copy)","zone-1773730231601","https://res.cloudinary.com/drxxhphoz/image/upload/v1773399142/eepeb8uu9okckyxp3gsu.jpg","image",11.009
"3/4/2026, 8:16:22 pm","ABC","Dil se Godlike (Copy)","zone-1773730231601","https://res.cloudinary.com/drxxhphoz/image/upload/v1773399148/vtuphkntyfwc8wjfithg.png","image",11.001
"3/4/2026, 8:16:22 pm","ABC","Dil se Godlike (Copy)","zone-1773301729954","https://res.cloudinary.com/drxxhphoz/image/upload/v1773399148/vtuphkntyfwc8wjfithg.png","image",11.001
"3/4/2026, 8:16:11 pm","ABC","Dil se Godlike (Copy)","zone-1773730231601","https://res.cloudinary.com/drxxhphoz/image/upload/v1773399142/dnuhdotxoncgwru7qitz.jpg","image",10.992
"3/4/2026, 8:16:11 pm","ABC","Dil se Godlike (Copy)","zone-1773301729954","https://res.cloudinary.com/drxxhphoz/image/upload/v1773399142/dnuhdotxoncgwru7qitz.jpg","image",10.991
"3/4/2026, 8:16:00 pm","ABC","Dil se Godlike (Copy)","zone-1773730231601","https://res.cloudinary.com/drxxhphoz/image/upload/v1773399142/eepeb8uu9okckyxp3gsu.jpg","image",10.999
"3/4/2026, 8:16:00 pm","ABC","Dil se Godlike (Copy)","zone-1773301729954","https://res.cloudinary.com/drxxhphoz/image/upload/v1773399142/eepeb8uu9okckyxp3gsu.jpg","image",10.998
"3/4/2026, 8:15:49 pm","ABC","Dil se Godlike (Copy)","zone-1773730231601","https://res.cloudinary.com/drxxhphoz/image/upload/v1773399148/vtuphkntyfwc8wjfithg.png","image",11.006
"3/4/2026, 8:15:49 pm","ABC","Dil se Godlike (Copy)","zone-1773301729954","https://res.cloudinary.com/drxxhphoz/image/upload/v1773399148/vtuphkntyfwc8wjfithg.png","image",11.005
"3/4/2026, 8:15:39 pm","ABC","Dil se Godlike (Copy)","zone-1773301729954","https://res.cloudinary.com/drxxhphoz/image/upload/v1773399142/dnuhdotxoncgwru7qitz.jpg","image",10.704
"3/4/2026, 8:15:39 pm","ABC","Dil se Godlike (Copy)","zone-1773730231601","https://res.cloudinary.com/drxxhphoz/image/upload/v1773399142/dnuhdotxoncgwru7qitz.jpg","image",10.705
"3/4/2026, 8:15:28 pm","ABC","Dil se Godlike (Copy)","zone-1773730231601","https://res.cloudinary.com/drxxhphoz/image/upload/v1773399142/eepeb8uu9okckyxp3gsu.jpg","image",10.903
"3/4/2026, 8:15:28 pm","ABC","Dil se Godlike (Copy)","zone-1773301729954","https://res.cloudinary.com/drxxhphoz/image/upload/v1773399142/eepeb8uu9okckyxp3gsu.jpg","image",10.903
"3/4/2026, 8:15:28 pm","ABC","Dil se Godlike (Copy)","zone-1773730231601","https://res.cloudinary.com/drxxhphoz/image/upload/v1773399148/vtuphkntyfwc8wjfithg.png","image",0.017
"3/4/2026, 8:15:28 pm","ABC","Dil se Godlike (Copy)","zone-1773301729954","https://res.cloudinary.com/drxxhphoz/image/upload/v1773399148/vtuphkntyfwc8wjfithg.png","image",0.017
"3/4/2026, 8:15:28 pm","ABC","Dil se Godlike (Copy)","zone-1773301722514","https://res.cloudinary.com/drxxhphoz/video/upload/v1774194775/va4svnm2gihe60shgtjg.mp4","video",80.102
"3/4/2026, 8:15:19 pm","ABC","Dil se Godlike (Copy)","zone-1773730231601","https://res.cloudinary.com/drxxhphoz/image/upload/v1773399148/vtuphkntyfwc8wjfithg.png","image",8.36
"3/4/2026, 8:15:19 pm","ABC","Dil se Godlike (Copy)","zone-1773301729954","https://res.cloudinary.com/drxxhphoz/image/upload/v1773399148/vtuphkntyfwc8wjfithg.png","image",8.359
"3/4/2026, 8:15:08 pm","ABC","Dil se Godlike (Copy)","zone-1773301729954","https://res.cloudinary.com/drxxhphoz/image/upload/v1773399142/dnuhdotxoncgwru7qitz.jpg","image",11.003
"3/4/2026, 8:15:08 pm","ABC","Dil se Godlike (Copy)","zone-1773730231601","https://res.cloudinary.com/drxxhphoz/image/upload/v1773399142/dnuhdotxoncgwru7qitz.jpg","image",11.004
"3/4/2026, 8:14:58 pm","ABC","Dil se Godlike (Copy)","zone-1773301729954","https://res.cloudinary.com/drxxhphoz/image/upload/v1773399142/eepeb8uu9okckyxp3gsu.jpg","image",10.586
"3/4/2026, 8:14:58 pm","ABC","Dil se Godlike (Copy)","zone-1773730231601","https://res.cloudinary.com/drxxhphoz/image/upload/v1773399142/eepeb8uu9okckyxp3gsu.jpg","image",10.586
"3/4/2026, 8:14:58 pm","ABC","Dil se Godlike (Copy)","zone-1773301722514","https://res.cloudinary.com/drxxhphoz/video/upload/v1774194775/va4svnm2gihe60shgtjg.mp4","video",29.952
"3/4/2026, 8:14:50 pm","ABC","Dil se Godlike (Copy)","zone-1773730231601","https://res.cloudinary.com/drxxhphoz/image/upload/v1773399142/eepeb8uu9okckyxp3gsu.jpg","image",8.068
"3/4/2026, 8:14:50 pm","ABC","Dil se Godlike (Copy)","zone-1773301729954","https://res.cloudinary.com/drxxhphoz/image/upload/v1773399142/eepeb8uu9okckyxp3gsu.jpg","image",8.068
"3/4/2026, 8:14:49 pm","ABC","Dil se Godlike (Copy)","zone-1773730231601","https://res.cloudinary.com/drxxhphoz/image/upload/v1773399142/dnuhdotxoncgwru7qitz.jpg","image",0.06
"3/4/2026, 8:14:49 pm","ABC","Dil se Godlike (Copy)","zone-1773301729954","https://res.cloudinary.com/drxxhphoz/image/upload/v1773399142/dnuhdotxoncgwru7qitz.jpg","image",0.05
"3/4/2026, 8:14:49 pm","ABC","Dil se Godlike (Copy)","zone-1773301722514","https://res.cloudinary.com/drxxhphoz/video/upload/v1774194775/va4svnm2gihe60shgtjg.mp4","video",8.135
"3/4/2026, 8:14:44 pm","ABC","Dil se Godlike (Copy)","zone-1773730231601","https://res.cloudinary.com/drxxhphoz/image/upload/v1773399142/dnuhdotxoncgwru7qitz.jpg","image",5.777
"3/4/2026, 8:14:44 pm","ABC","Dil se Godlike (Copy)","zone-1773301729954","https://res.cloudinary.com/drxxhphoz/image/upload/v1773399142/dnuhdotxoncgwru7qitz.jpg","image",5.776
"3/4/2026, 8:13:30 pm","ABC","Dil se Godlike (Copy)","zone-1773301729954","https://res.cloudinary.com/drxxhphoz/image/upload/v1773399142/eepeb8uu9okckyxp3gsu.jpg","image",73.828
"3/4/2026, 8:13:30 pm","ABC","Dil se Godlike (Copy)","zone-1773730231601","https://res.cloudinary.com/drxxhphoz/image/upload/v1773399142/eepeb8uu9okckyxp3gsu.jpg","image",73.833
"3/4/2026, 8:13:15 pm","ABC","Dil se Godlike (Copy)","zone-1773301722514","https://res.cloudinary.com/drxxhphoz/video/upload/v1774194775/va4svnm2gihe60shgtjg.mp4","video",94.65
"3/4/2026, 8:13:07 pm","ABC","Dil se Godlike (Copy)","zone-1773301729954","https://res.cloudinary.com/drxxhphoz/image/upload/v1773399142/dnuhdotxoncgwru7qitz.jpg","image",10.184
"3/4/2026, 8:13:07 pm","ABC","Dil se Godlike (Copy)","zone-1773730231601","https://res.cloudinary.com/drxxhphoz/image/upload/v1773399142/dnuhdotxoncgwru7qitz.jpg","image",10.184
"3/4/2026, 8:13:01 pm","ABC","Dil se Godlike (Copy)","zone-1773301722514","https://res.cloudinary.com/drxxhphoz/video/upload/v1774194776/lugb7jxrx6zeldniz6lv.mp4","video",13.363
"3/4/2026, 8:12:57 pm","ABC","Dil se Godlike (Copy)","zone-1773730231601","https://res.cloudinary.com/drxxhphoz/image/upload/v1773399142/eepeb8uu9okckyxp3gsu.jpg","image",10.011
"3/4/2026, 8:12:57 pm","ABC","Dil se Godlike (Copy)","zone-1773301729954","https://res.cloudinary.com/drxxhphoz/image/upload/v1773399142/eepeb8uu9okckyxp3gsu.jpg","image",10.011
"3/4/2026, 8:12:57 pm","ABC","Dil se Godlike (Copy)","zone-1773301722514","https://res.cloudinary.com/drxxhphoz/video/upload/v1774194775/va4svnm2gihe60shgtjg.mp4","video",4.128
"3/4/2026, 8:12:57 pm","ABC","Dil se Godlike (Copy)","zone-1773301729954","https://res.cloudinary.com/drxxhphoz/image/upload/v1773399142/eepeb8uu9okckyxp3gsu.jpg","image",0.27
"3/4/2026, 8:12:57 pm","ABC","Dil se Godlike (Copy)","zone-1773730231601","https://res.cloudinary.com/drxxhphoz/image/upload/v1773399142/eepeb8uu9okckyxp3gsu.jpg","image",0.27
"3/4/2026, 8:12:47 pm","ABC","Dil se Godlike (Copy)","zone-1773730231601","https://res.cloudinary.com/drxxhphoz/image/upload/v1773399148/vtuphkntyfwc8wjfithg.png","image",10.005
"3/4/2026, 8:12:47 pm","ABC","Dil se Godlike (Copy)","zone-1773301729954","https://res.cloudinary.com/drxxhphoz/image/upload/v1773399148/vtuphkntyfwc8wjfithg.png","image",10.004
"3/4/2026, 8:12:45 pm","ABC","Dil se Godlike (Copy)","zone-1773301722514","https://res.cloudinary.com/drxxhphoz/video/upload/v1774194775/va4svnm2gihe60shgtjg.mp4","video",11.826
"3/4/2026, 8:12:37 pm","ABC","Dil se Godlike (Copy)","zone-1773730231601","https://res.cloudinary.com/drxxhphoz/image/upload/v1773399142/dnuhdotxoncgwru7qitz.jpg","image",10.01
"3/4/2026, 8:12:37 pm","ABC","Dil se Godlike (Copy)","zone-1773301729954","https://res.cloudinary.com/drxxhphoz/image/upload/v1773399142/dnuhdotxoncgwru7qitz.jpg","image",10.01
"3/4/2026, 8:12:32 pm","ABC","Dil se Godlike (Copy)","zone-1773301722514","https://res.cloudinary.com/drxxhphoz/video/upload/v1774194776/lugb7jxrx6zeldniz6lv.mp4","video",13.375
"3/4/2026, 8:12:27 pm","ABC","Dil se Godlike (Copy)","zone-1773301729954","https://res.cloudinary.com/drxxhphoz/image/upload/v1773399142/eepeb8uu9okckyxp3gsu.jpg","image",10.003
"3/4/2026, 8:12:27 pm","ABC","Dil se Godlike (Copy)","zone-1773730231601","https://res.cloudinary.com/drxxhphoz/image/upload/v1773399142/eepeb8uu9okckyxp3gsu.jpg","image",10.004
"3/4/2026, 8:12:27 pm","ABC","Dil se Godlike (Copy)","zone-1773730231601","https://res.cloudinary.com/drxxhphoz/image/upload/v1773399148/vtuphkntyfwc8wjfithg.png","image",0.004
"3/4/2026, 8:12:27 pm","ABC","Dil se Godlike (Copy)","zone-1773301729954","https://res.cloudinary.com/drxxhphoz/image/upload/v1773399148/vtuphkntyfwc8wjfithg.png","image",0.003
"3/4/2026, 8:12:27 pm","ABC","Dil se Godlike (Copy)","zone-1773301722514","https://res.cloudinary.com/drxxhphoz/video/upload/v1774194775/va4svnm2gihe60shgtjg.mp4","video",5.09
"3/4/2026, 8:12:17 pm","ABC","Dil se Godlike (Copy)","zone-1773730231601","https://res.cloudinary.com/drxxhphoz/image/upload/v1773399148/vtuphkntyfwc8wjfithg.png","image",9.981
"3/4/2026, 8:12:17 pm","ABC","Dil se Godlike (Copy)","zone-1773301729954","https://res.cloudinary.com/drxxhphoz/image/upload/v1773399148/vtuphkntyfwc8wjfithg.png","image",9.98
"3/4/2026, 8:12:16 pm","ABC","Dil se Godlike (Copy)","zone-1773301722514","https://res.cloudinary.com/drxxhphoz/video/upload/v1774194775/va4svnm2gihe60shgtjg.mp4","video",10.833
"3/4/2026, 8:12:07 pm","ABC","Dil se Godlike (Copy)","zone-1773730231601","https://res.cloudinary.com/drxxhphoz/image/upload/v1773399142/dnuhdotxoncgwru7qitz.jpg","image",10.014
"3/4/2026, 8:12:07 pm","ABC","Dil se Godlike (Copy)","zone-1773301729954","https://res.cloudinary.com/drxxhphoz/image/upload/v1773399142/dnuhdotxoncgwru7qitz.jpg","image",10.013
"3/4/2026, 8:12:03 pm","ABC","Dil se Godlike (Copy)","zone-1773301722514","https://res.cloudinary.com/drxxhphoz/video/upload/v1774194776/lugb7jxrx6zeldniz6lv.mp4","video",13.371
"3/4/2026, 8:11:57 pm","ABC","Dil se Godlike (Copy)","zone-1773730231601","https://res.cloudinary.com/drxxhphoz/image/upload/v1773399142/eepeb8uu9okckyxp3gsu.jpg","image",10.005
"3/4/2026, 8:11:57 pm","ABC","Dil se Godlike (Copy)","zone-1773301729954","https://res.cloudinary.com/drxxhphoz/image/upload/v1773399142/eepeb8uu9okckyxp3gsu.jpg","image",10.005
"3/4/2026, 8:11:57 pm","ABC","Dil se Godlike (Copy)","zone-1773301722514","https://res.cloudinary.com/drxxhphoz/video/upload/v1774194775/va4svnm2gihe60shgtjg.mp4","video",5.795
"3/4/2026, 8:11:57 pm","ABC","Dil se Godlike (Copy)","zone-1773730231601","https://res.cloudinary.com/drxxhphoz/image/upload/v1773399148/vtuphkntyfwc8wjfithg.png","image",0.002
"3/4/2026, 8:11:57 pm","ABC","Dil se Godlike (Copy)","zone-1773301729954","https://res.cloudinary.com/drxxhphoz/image/upload/v1773399148/vtuphkntyfwc8wjfithg.png","image",0.002
"3/4/2026, 8:11:47 pm","ABC","Dil se Godlike (Copy)","zone-1773730231601","https://res.cloudinary.com/drxxhphoz/image/upload/v1773399148/vtuphkntyfwc8wjfithg.png","image",9.881
"3/4/2026, 8:11:47 pm","ABC","Dil se Godlike (Copy)","zone-1773301729954","https://res.cloudinary.com/drxxhphoz/image/upload/v1773399148/vtuphkntyfwc8wjfithg.png","image",9.88
"3/4/2026, 8:11:47 pm","ABC","Dil se Godlike (Copy)","zone-1773301722514","https://res.cloudinary.com/drxxhphoz/video/upload/v1774194775/va4svnm2gihe60shgtjg.mp4","video",10.186
"3/4/2026, 8:11:37 pm","ABC","Dil se Godlike (Copy)","zone-1773730231601","https://res.cloudinary.com/drxxhphoz/image/upload/v1773399142/dnuhdotxoncgwru7qitz.jpg","image",10.114
"3/4/2026, 8:11:37 pm","ABC","Dil se Godlike (Copy)","zone-1773301729954","https://res.cloudinary.com/drxxhphoz/image/upload/v1773399142/dnuhdotxoncgwru7qitz.jpg","image",10.115
"3/4/2026, 8:11:33 pm","ABC","Dil se Godlike (Copy)","zone-1773301722514","https://res.cloudinary.com/drxxhphoz/video/upload/v1774194776/lugb7jxrx6zeldniz6lv.mp4","video",13.333
"3/4/2026, 8:11:27 pm","ABC","Dil se Godlike (Copy)","zone-1773730231601","https://res.cloudinary.com/drxxhphoz/image/upload/v1773399142/eepeb8uu9okckyxp3gsu.jpg","image",10.012
"3/4/2026, 8:11:27 pm","ABC","Dil se Godlike (Copy)","zone-1773301729954","https://res.cloudinary.com/drxxhphoz/image/upload/v1773399142/eepeb8uu9okckyxp3gsu.jpg","image",10.012
"3/4/2026, 8:11:27 pm","ABC","Dil se Godlike (Copy)","zone-1773301722514","https://res.cloudinary.com/drxxhphoz/video/upload/v1774194775/va4svnm2gihe60shgtjg.mp4","video",6.489
"3/4/2026, 8:11:27 pm","ABC","Dil se Godlike (Copy)","zone-1773730231601","https://res.cloudinary.com/drxxhphoz/image/upload/v1773399148/vtuphkntyfwc8wjfithg.png","image",0.001
"3/4/2026, 8:11:27 pm","ABC","Dil se Godlike (Copy)","zone-1773301729954","https://res.cloudinary.com/drxxhphoz/image/upload/v1773399148/vtuphkntyfwc8wjfithg.png","image",0.001
"3/4/2026, 8:11:17 pm","ABC","Dil se Godlike (Copy)","zone-1773301722514","https://res.cloudinary.com/drxxhphoz/video/upload/v1774194775/va4svnm2gihe60shgtjg.mp4","video",9.513
"3/4/2026, 8:11:17 pm","ABC","Dil se Godlike (Copy)","zone-1773301729954","https://res.cloudinary.com/drxxhphoz/image/upload/v1773399148/vtuphkntyfwc8wjfithg.png","image",9.957
"3/4/2026, 8:11:17 pm","ABC","Dil se Godlike (Copy)","zone-1773730231601","https://res.cloudinary.com/drxxhphoz/image/upload/v1773399148/vtuphkntyfwc8wjfithg.png","image",9.957
"3/4/2026, 8:11:07 pm","ABC","Dil se Godlike (Copy)","zone-1773301729954","https://res.cloudinary.com/drxxhphoz/image/upload/v1773399142/dnuhdotxoncgwru7qitz.jpg","image",10.013
"3/4/2026, 8:11:07 pm","ABC","Dil se Godlike (Copy)","zone-1773730231601","https://res.cloudinary.com/drxxhphoz/image/upload/v1773399142/dnuhdotxoncgwru7qitz.jpg","image",10.013
"3/4/2026, 8:11:04 pm","ABC","Dil se Godlike (Copy)","zone-1773301722514","https://res.cloudinary.com/drxxhphoz/video/upload/v1774194776/lugb7jxrx6zeldniz6lv.mp4","video",13.319
"3/4/2026, 8:10:57 pm","ABC","Dil se Godlike (Copy)","zone-1773730231601","https://res.cloudinary.com/drxxhphoz/image/upload/v1773399142/eepeb8uu9okckyxp3gsu.jpg","image",10.004
"3/4/2026, 8:10:57 pm","ABC","Dil se Godlike (Copy)","zone-1773301729954","https://res.cloudinary.com/drxxhphoz/image/upload/v1773399142/eepeb8uu9okckyxp3gsu.jpg","image",10.004
"3/4/2026, 8:10:57 pm","ABC","Dil se Godlike (Copy)","zone-1773301729954","https://res.cloudinary.com/drxxhphoz/image/upload/v1773399148/vtuphkntyfwc8wjfithg.png","image",0.006
"3/4/2026, 8:10:57 pm","ABC","Dil se Godlike (Copy)","zone-1773730231601","https://res.cloudinary.com/drxxhphoz/image/upload/v1773399148/vtuphkntyfwc8wjfithg.png","image",0.006
"3/4/2026, 8:10:57 pm","ABC","Dil se Godlike (Copy)","zone-1773301722514","https://res.cloudinary.com/drxxhphoz/video/upload/v1774194775/va4svnm2gihe60shgtjg.mp4","video",7.149
"3/4/2026, 8:10:48 pm","ABC","Dil se Godlike (Copy)","zone-1773301722514","https://res.cloudinary.com/drxxhphoz/video/upload/v1774194775/va4svnm2gihe60shgtjg.mp4","video",8.811
"3/4/2026, 8:10:47 pm","ABC","Dil se Godlike (Copy)","zone-1773730231601","https://res.cloudinary.com/drxxhphoz/image/upload/v1773399148/vtuphkntyfwc8wjfithg.png","image",9.921
"3/4/2026, 8:10:47 pm","ABC","Dil se Godlike (Copy)","zone-1773301729954","https://res.cloudinary.com/drxxhphoz/image/upload/v1773399148/vtuphkntyfwc8wjfithg.png","image",9.92
"3/4/2026, 8:10:37 pm","ABC","Dil se Godlike (Copy)","zone-1773730231601","https://res.cloudinary.com/drxxhphoz/image/upload/v1773399142/dnuhdotxoncgwru7qitz.jpg","image",10.011
"3/4/2026, 8:10:37 pm","ABC","Dil se Godlike (Copy)","zone-1773301729954","https://res.cloudinary.com/drxxhphoz/image/upload/v1773399142/dnuhdotxoncgwru7qitz.jpg","image",10.011
"3/4/2026, 8:10:35 pm","ABC","Dil se Godlike (Copy)","zone-1773301722514","https://res.cloudinary.com/drxxhphoz/video/upload/v1774194776/lugb7jxrx6zeldniz6lv.mp4","video",13.325
"3/4/2026, 8:10:27 pm","ABC","Dil se Godlike (Copy)","zone-1773730231601","https://res.cloudinary.com/drxxhphoz/image/upload/v1773399142/eepeb8uu9okckyxp3gsu.jpg","image",10.004
"3/4/2026, 8:10:27 pm","ABC","Dil se Godlike (Copy)","zone-1773301729954","https://res.cloudinary.com/drxxhphoz/image/upload/v1773399142/eepeb8uu9okckyxp3gsu.jpg","image",10.003
"3/4/2026, 8:10:27 pm","ABC","Dil se Godlike (Copy)","zone-1773301722514","https://res.cloudinary.com/drxxhphoz/video/upload/v1774194775/va4svnm2gihe60shgtjg.mp4","video",7.808
"3/4/2026, 8:10:27 pm","ABC","Dil se Godlike (Copy)","zone-1773301729954","https://res.cloudinary.com/drxxhphoz/image/upload/v1773399148/vtuphkntyfwc8wjfithg.png","image",0.007
"3/4/2026, 8:10:27 pm","ABC","Dil se Godlike (Copy)","zone-1773730231601","https://res.cloudinary.com/drxxhphoz/image/upload/v1773399148/vtuphkntyfwc8wjfithg.png","image",0.008
"3/4/2026, 8:10:19 pm","ABC","Dil se Godlike (Copy)","zone-1773301722514","https://res.cloudinary.com/drxxhphoz/video/upload/v1774194775/va4svnm2gihe60shgtjg.mp4","video",8.19
"3/4/2026, 8:10:17 pm","ABC","Dil se Godlike (Copy)","zone-1773730231601","https://res.cloudinary.com/drxxhphoz/image/upload/v1773399148/vtuphkntyfwc8wjfithg.png","image",9.817
"3/4/2026, 8:10:17 pm","ABC","Dil se Godlike (Copy)","zone-1773301729954","https://res.cloudinary.com/drxxhphoz/image/upload/v1773399148/vtuphkntyfwc8wjfithg.png","image",9.816
"3/4/2026, 8:10:07 pm","ABC","Dil se Godlike (Copy)","zone-1773730231601","https://res.cloudinary.com/drxxhphoz/image/upload/v1773399142/dnuhdotxoncgwru7qitz.jpg","image",10.018
"3/4/2026, 8:10:07 pm","ABC","Dil se Godlike (Copy)","zone-1773301729954","https://res.cloudinary.com/drxxhphoz/image/upload/v1773399142/dnuhdotxoncgwru7qitz.jpg","image",10.017
"3/4/2026, 8:10:05 pm","ABC","Dil se Godlike (Copy)","zone-1773301722514","https://res.cloudinary.com/drxxhphoz/video/upload/v1774194776/lugb7jxrx6zeldniz6lv.mp4","video",13.388
"3/4/2026, 8:09:57 pm","ABC","Dil se Godlike (Copy)","zone-1773730231601","https://res.cloudinary.com/drxxhphoz/image/upload/v1773399142/eepeb8uu9okckyxp3gsu.jpg","image",10.009
"3/4/2026, 8:09:57 pm","ABC","Dil se Godlike (Copy)","zone-1773301729954","https://res.cloudinary.com/drxxhphoz/image/upload/v1773399142/eepeb8uu9okckyxp3gsu.jpg","image",10.008
"3/4/2026, 8:09:57 pm","ABC","Dil se Godlike (Copy)","zone-1773301722514","https://res.cloudinary.com/drxxhphoz/video/upload/v1774194775/va4svnm2gihe60shgtjg.mp4","video",8.447
"3/4/2026, 8:09:57 pm","ABC","Dil se Godlike (Copy)","zone-1773730231601","https://res.cloudinary.com/drxxhphoz/image/upload/v1773399148/vtuphkntyfwc8wjfithg.png","image",0.183
"3/4/2026, 8:09:57 pm","ABC","Dil se Godlike (Copy)","zone-1773301729954","https://res.cloudinary.com/drxxhphoz/image/upload/v1773399148/vtuphkntyfwc8wjfithg.png","image",0.183
"3/4/2026, 8:09:50 pm","ABC","Dil se Godlike (Copy)","zone-1773301722514","https://res.cloudinary.com/drxxhphoz/video/upload/v1774194775/va4svnm2gihe60shgtjg.mp4","video",7.496
"3/4/2026, 8:09:47 pm","ABC","Dil se Godlike (Copy)","zone-1773730231601","https://res.cloudinary.com/drxxhphoz/image/upload/v1773399148/vtuphkntyfwc8wjfithg.png","image",9.992
"3/4/2026, 8:09:47 pm","ABC","Dil se Godlike (Copy)","zone-1773301729954","https://res.cloudinary.com/drxxhphoz/image/upload/v1773399148/vtuphkntyfwc8wjfithg.png","image",9.992
"3/4/2026, 8:09:37 pm","ABC","Dil se Godlike (Copy)","zone-1773301729954","https://res.cloudinary.com/drxxhphoz/image/upload/v1773399142/dnuhdotxoncgwru7qitz.jpg","image",10.013
"3/4/2026, 8:09:37 pm","ABC","Dil se Godlike (Copy)","zone-1773730231601","https://res.cloudinary.com/drxxhphoz/image/upload/v1773399142/dnuhdotxoncgwru7qitz.jpg","image",10.014
"3/4/2026, 8:09:36 pm","ABC","Dil se Godlike (Copy)","zone-1773301722514","https://res.cloudinary.com/drxxhphoz/video/upload/v1774194776/lugb7jxrx6zeldniz6lv.mp4","video",13.328
"3/4/2026, 8:09:27 pm","ABC","Dil se Godlike (Copy)","zone-1773301729954","https://res.cloudinary.com/drxxhphoz/image/upload/v1773399142/eepeb8uu9okckyxp3gsu.jpg","image",10.011
"3/4/2026, 8:09:27 pm","ABC","Dil se Godlike (Copy)","zone-1773730231601","https://res.cloudinary.com/drxxhphoz/image/upload/v1773399142/eepeb8uu9okckyxp3gsu.jpg","image",10.012
"3/4/2026, 8:09:27 pm","ABC","Dil se Godlike (Copy)","zone-1773301729954","https://res.cloudinary.com/drxxhphoz/image/upload/v1773399148/vtuphkntyfwc8wjfithg.png","image",0.008
"3/4/2026, 8:09:27 pm","ABC","Dil se Godlike (Copy)","zone-1773730231601","https://res.cloudinary.com/drxxhphoz/image/upload/v1773399148/vtuphkntyfwc8wjfithg.png","image",0.009
"3/4/2026, 8:09:27 pm","ABC","Dil se Godlike (Copy)","zone-1773301722514","https://res.cloudinary.com/drxxhphoz/video/upload/v1774194775/va4svnm2gihe60shgtjg.mp4","video",9.202
"3/4/2026, 8:09:20 pm","ABC","Dil se Godlike (Copy)","zone-1773301722514","https://res.cloudinary.com/drxxhphoz/video/upload/v1774194775/va4svnm2gihe60shgtjg.mp4","video",6.804
"3/4/2026, 8:09:17 pm","ABC","Dil se Godlike (Copy)","zone-1773730231601","https://res.cloudinary.com/drxxhphoz/image/upload/v1773399148/vtuphkntyfwc8wjfithg.png","image",9.841
"3/4/2026, 8:09:17 pm","ABC","Dil se Godlike (Copy)","zone-1773301729954","https://res.cloudinary.com/drxxhphoz/image/upload/v1773399148/vtuphkntyfwc8wjfithg.png","image",9.842
"3/4/2026, 8:09:07 pm","ABC","Dil se Godlike (Copy)","zone-1773730231601","https://res.cloudinary.com/drxxhphoz/image/upload/v1773399142/dnuhdotxoncgwru7qitz.jpg","image",10.014
"3/4/2026, 8:09:07 pm","ABC","Dil se Godlike (Copy)","zone-1773301729954","https://res.cloudinary.com/drxxhphoz/image/upload/v1773399142/dnuhdotxoncgwru7qitz.jpg","image",10.013
"3/4/2026, 8:09:07 pm","ABC","Dil se Godlike (Copy)","zone-1773301722514","https://res.cloudinary.com/drxxhphoz/video/upload/v1774194776/lugb7jxrx6zeldniz6lv.mp4","video",13.391
"3/4/2026, 8:08:57 pm","ABC","Dil se Godlike (Copy)","zone-1773730231601","https://res.cloudinary.com/drxxhphoz/image/upload/v1773399142/eepeb8uu9okckyxp3gsu.jpg","image",10.01
"3/4/2026, 8:08:57 pm","ABC","Dil se Godlike (Copy)","zone-1773301729954","https://res.cloudinary.com/drxxhphoz/image/upload/v1773399142/eepeb8uu9okckyxp3gsu.jpg","image",10.009
"3/4/2026, 8:08:57 pm","ABC","Dil se Godlike (Copy)","zone-1773301722514","https://res.cloudinary.com/drxxhphoz/video/upload/v1774194775/va4svnm2gihe60shgtjg.mp4","video",9.668
"3/4/2026, 8:08:57 pm","ABC","Dil se Godlike (Copy)","zone-1773301729954","https://res.cloudinary.com/drxxhphoz/image/upload/v1773399142/eepeb8uu9okckyxp3gsu.jpg","image",0.085
"3/4/2026, 8:08:57 pm","ABC","Dil se Godlike (Copy)","zone-1773730231601","https://res.cloudinary.com/drxxhphoz/image/upload/v1773399142/eepeb8uu9okckyxp3gsu.jpg","image",0.085
"3/4/2026, 8:08:51 pm","ABC","Dil se Godlike (Copy)","zone-1773301722514","https://res.cloudinary.com/drxxhphoz/video/upload/v1774194775/va4svnm2gihe60shgtjg.mp4","video",6.314
"3/4/2026, 8:08:47 pm","ABC","Dil se Godlike (Copy)","zone-1773730231601","https://res.cloudinary.com/drxxhphoz/image/upload/v1773399148/vtuphkntyfwc8wjfithg.png","image",10.014
"3/4/2026, 8:08:47 pm","ABC","Dil se Godlike (Copy)","zone-1773301729954","https://res.cloudinary.com/drxxhphoz/image/upload/v1773399148/vtuphkntyfwc8wjfithg.png","image",10.013
"3/4/2026, 8:08:37 pm","ABC","Dil se Godlike (Copy)","zone-1773301722514","https://res.cloudinary.com/drxxhphoz/video/upload/v1774194776/lugb7jxrx6zeldniz6lv.mp4","video",13.377
"3/4/2026, 8:08:37 pm","ABC","Dil se Godlike (Copy)","zone-1773730231601","https://res.cloudinary.com/drxxhphoz/image/upload/v1773399142/dnuhdotxoncgwru7qitz.jpg","image",10.003
"3/4/2026, 8:08:37 pm","ABC","Dil se Godlike (Copy)","zone-1773301729954","https://res.cloudinary.com/drxxhphoz/image/upload/v1773399142/dnuhdotxoncgwru7qitz.jpg","image",10.002
"3/4/2026, 8:08:27 pm","ABC","Dil se Godlike (Copy)","zone-1773301729954","https://res.cloudinary.com/drxxhphoz/image/upload/v1773399142/eepeb8uu9okckyxp3gsu.jpg","image",10.009
"3/4/2026, 8:08:27 pm","ABC","Dil se Godlike (Copy)","zone-1773730231601","https://res.cloudinary.com/drxxhphoz/image/upload/v1773399142/eepeb8uu9okckyxp3gsu.jpg","image",10.01
"3/4/2026, 8:08:27 pm","ABC","Dil se Godlike (Copy)","zone-1773301722514","https://res.cloudinary.com/drxxhphoz/video/upload/v1774194775/va4svnm2gihe60shgtjg.mp4","video",10.424
"3/4/2026, 8:08:27 pm","ABC","Dil se Godlike (Copy)","zone-1773301729954","https://res.cloudinary.com/drxxhphoz/image/upload/v1773399148/vtuphkntyfwc8wjfithg.png","image",0.005
"3/4/2026, 8:08:27 pm","ABC","Dil se Godlike (Copy)","zone-1773730231601","https://res.cloudinary.com/drxxhphoz/image/upload/v1773399148/vtuphkntyfwc8wjfithg.png","image",0.005
"3/4/2026, 8:08:21 pm","ABC","Dil se Godlike (Copy)","zone-1773301722514","https://res.cloudinary.com/drxxhphoz/video/upload/v1774194775/va4svnm2gihe60shgtjg.mp4","video",5.548
"3/4/2026, 8:08:17 pm","ABC","Dil se Godlike (Copy)","zone-1773730231601","https://res.cloudinary.com/drxxhphoz/image/upload/v1773399148/vtuphkntyfwc8wjfithg.png","image",9.691
"3/4/2026, 8:08:17 pm","ABC","Dil se Godlike (Copy)","zone-1773301729954","https://res.cloudinary.com/drxxhphoz/image/upload/v1773399148/vtuphkntyfwc8wjfithg.png","image",9.691
"3/4/2026, 8:08:08 pm","ABC","Dil se Godlike (Copy)","zone-1773301722514","https://res.cloudinary.com/drxxhphoz/video/upload/v1774194776/lugb7jxrx6zeldniz6lv.mp4","video",13.345
"3/4/2026, 8:08:07 pm","ABC","Dil se Godlike (Copy)","zone-1773301729954","https://res.cloudinary.com/drxxhphoz/image/upload/v1773399142/dnuhdotxoncgwru7qitz.jpg","image",10.015
"3/4/2026, 8:08:07 pm","ABC","Dil se Godlike (Copy)","zone-1773730231601","https://res.cloudinary.com/drxxhphoz/image/upload/v1773399142/dnuhdotxoncgwru7qitz.jpg","image",10.016
"3/4/2026, 8:07:57 pm","ABC","Dil se Godlike (Copy)","zone-1773730231601","https://res.cloudinary.com/drxxhphoz/image/upload/v1773399142/eepeb8uu9okckyxp3gsu.jpg","image",10.009
"3/4/2026, 8:07:57 pm","ABC","Dil se Godlike (Copy)","zone-1773301729954","https://res.cloudinary.com/drxxhphoz/image/upload/v1773399142/eepeb8uu9okckyxp3gsu.jpg","image",10.009
"3/4/2026, 8:07:57 pm","ABC","Dil se Godlike (Copy)","zone-1773730231601","https://res.cloudinary.com/drxxhphoz/image/upload/v1773399148/vtuphkntyfwc8wjfithg.png","image",0.007
"3/4/2026, 8:07:57 pm","ABC","Dil se Godlike (Copy)","zone-1773301729954","https://res.cloudinary.com/drxxhphoz/image/upload/v1773399148/vtuphkntyfwc8wjfithg.png","image",0.007
"3/4/2026, 8:07:57 pm","ABC","Dil se Godlike (Copy)","zone-1773301722514","https://res.cloudinary.com/drxxhphoz/video/upload/v1774194775/va4svnm2gihe60shgtjg.mp4","video",10.832
"3/4/2026, 8:07:48 pm","ABC","Dil se Godlike (Copy)","zone-1773301722514","https://res.cloudinary.com/drxxhphoz/video/upload/v1774194775/va4svnm2gihe60shgtjg.mp4","video",9.587
"3/4/2026, 8:07:47 pm","ABC","Dil se Godlike (Copy)","zone-1773730231601","https://res.cloudinary.com/drxxhphoz/image/upload/v1773399148/vtuphkntyfwc8wjfithg.png","image",9.935
"3/4/2026, 8:07:47 pm","ABC","Dil se Godlike (Copy)","zone-1773301729954","https://res.cloudinary.com/drxxhphoz/image/upload/v1773399148/vtuphkntyfwc8wjfithg.png","image",9.934
"3/4/2026, 8:07:37 pm","ABC","Dil se Godlike (Copy)","zone-1773301729954","https://res.cloudinary.com/drxxhphoz/image/upload/v1773399142/dnuhdotxoncgwru7qitz.jpg","image",10
"3/4/2026, 8:07:37 pm","ABC","Dil se Godlike (Copy)","zone-1773730231601","https://res.cloudinary.com/drxxhphoz/image/upload/v1773399142/dnuhdotxoncgwru7qitz.jpg","image",10.001
"3/4/2026, 8:07:34 pm","ABC","Dil se Godlike (Copy)","zone-1773301722514","https://res.cloudinary.com/drxxhphoz/video/upload/v1774194776/lugb7jxrx6zeldniz6lv.mp4","video",13.453
"3/4/2026, 8:07:27 pm","ABC","Dil se Godlike (Copy)","zone-1773730231601","https://res.cloudinary.com/drxxhphoz/image/upload/v1773399142/eepeb8uu9okckyxp3gsu.jpg","image",10.011
"3/4/2026, 8:07:27 pm","ABC","Dil se Godlike (Copy)","zone-1773301729954","https://res.cloudinary.com/drxxhphoz/image/upload/v1773399142/eepeb8uu9okckyxp3gsu.jpg","image",10.013
"3/4/2026, 8:07:27 pm","ABC","Dil se Godlike (Copy)","zone-1773301722514","https://res.cloudinary.com/drxxhphoz/video/upload/v1774194775/va4svnm2gihe60shgtjg.mp4","video",6.904
"3/4/2026, 8:07:27 pm","ABC","Dil se Godlike (Copy)","zone-1773730231601","https://res.cloudinary.com/drxxhphoz/image/upload/v1773399142/eepeb8uu9okckyxp3gsu.jpg","image",0.274
"3/4/2026, 8:07:27 pm","ABC","Dil se Godlike (Copy)","zone-1773301729954","https://res.cloudinary.com/drxxhphoz/image/upload/v1773399142/eepeb8uu9okckyxp3gsu.jpg","image",0.274
"3/4/2026, 8:07:18 pm","ABC","Dil se Godlike (Copy)","zone-1773301722514","https://res.cloudinary.com/drxxhphoz/video/upload/v1774194775/va4svnm2gihe60shgtjg.mp4","video",9.17
"3/4/2026, 8:07:17 pm","ABC","Dil se Godlike (Copy)","zone-1773301729954","https://res.cloudinary.com/drxxhphoz/image/upload/v1773399148/vtuphkntyfwc8wjfithg.png","image",10.013
"3/4/2026, 8:07:17 pm","ABC","Dil se Godlike (Copy)","zone-1773730231601","https://res.cloudinary.com/drxxhphoz/image/upload/v1773399148/vtuphkntyfwc8wjfithg.png","image",10.013
"3/4/2026, 8:07:07 pm","ABC","Dil se Godlike (Copy)","zone-1773730231601","https://res.cloudinary.com/drxxhphoz/image/upload/v1773399142/dnuhdotxoncgwru7qitz.jpg","image",10.006
"3/4/2026, 8:07:07 pm","ABC","Dil se Godlike (Copy)","zone-1773301729954","https://res.cloudinary.com/drxxhphoz/image/upload/v1773399142/dnuhdotxoncgwru7qitz.jpg","image",10.006
"3/4/2026, 8:07:05 pm","ABC","Dil se Godlike (Copy)","zone-1773301722514","https://res.cloudinary.com/drxxhphoz/video/upload/v1774194776/lugb7jxrx6zeldniz6lv.mp4","video",13.311
"3/4/2026, 8:06:57 pm","ABC","Dil se Godlike (Copy)","zone-1773730231601","https://res.cloudinary.com/drxxhphoz/image/upload/v1773399142/eepeb8uu9okckyxp3gsu.jpg","image",10.014
"3/4/2026, 8:06:57 pm","ABC","Dil se Godlike (Copy)","zone-1773301729954","https://res.cloudinary.com/drxxhphoz/image/upload/v1773399142/eepeb8uu9okckyxp3gsu.jpg","image",10.015
"3/4/2026, 8:06:57 pm","ABC","Dil se Godlike (Copy)","zone-1773730231601","https://res.cloudinary.com/drxxhphoz/image/upload/v1773399148/vtuphkntyfwc8wjfithg.png","image",0.006
"3/4/2026, 8:06:57 pm","ABC","Dil se Godlike (Copy)","zone-1773301729954","https://res.cloudinary.com/drxxhphoz/image/upload/v1773399148/vtuphkntyfwc8wjfithg.png","image",0.006
"3/4/2026, 8:06:57 pm","ABC","Dil se Godlike (Copy)","zone-1773301722514","https://res.cloudinary.com/drxxhphoz/video/upload/v1774194775/va4svnm2gihe60shgtjg.mp4","video",7.833
"3/4/2026, 8:06:49 pm","ABC","Dil se Godlike (Copy)","zone-1773301722514","https://res.cloudinary.com/drxxhphoz/video/upload/v1774194775/va4svnm2gihe60shgtjg.mp4","video",8.156
"3/4/2026, 8:06:47 pm","ABC","Dil se Godlike (Copy)","zone-1773730231601","https://res.cloudinary.com/drxxhphoz/image/upload/v1773399148/vtuphkntyfwc8wjfithg.png","image",9.974
"3/4/2026, 8:06:47 pm","ABC","Dil se Godlike (Copy)","zone-1773301729954","https://res.cloudinary.com/drxxhphoz/image/upload/v1773399148/vtuphkntyfwc8wjfithg.png","image",9.974
"3/4/2026, 8:06:37 pm","ABC","Dil se Godlike (Copy)","zone-1773730231601","https://res.cloudinary.com/drxxhphoz/image/upload/v1773399142/dnuhdotxoncgwru7qitz.jpg","image",10.001
"3/4/2026, 8:06:37 pm","ABC","Dil se Godlike (Copy)","zone-1773301729954","https://res.cloudinary.com/drxxhphoz/image/upload/v1773399142/dnuhdotxoncgwru7qitz.jpg","image",9.999
"3/4/2026, 8:06:36 pm","ABC","Dil se Godlike (Copy)","zone-1773301722514","https://res.cloudinary.com/drxxhphoz/video/upload/v1774194776/lugb7jxrx6zeldniz6lv.mp4","video",13.307
"3/4/2026, 8:06:27 pm","ABC","Dil se Godlike (Copy)","zone-1773730231601","https://res.cloudinary.com/drxxhphoz/image/upload/v1773399142/eepeb8uu9okckyxp3gsu.jpg","image",10.012
"3/4/2026, 8:06:27 pm","ABC","Dil se Godlike (Copy)","zone-1773301729954","https://res.cloudinary.com/drxxhphoz/image/upload/v1773399142/eepeb8uu9okckyxp3gsu.jpg","image",10.012
"3/4/2026, 8:06:27 pm","ABC","Dil se Godlike (Copy)","zone-1773301722514","https://res.cloudinary.com/drxxhphoz/video/upload/v1774194775/va4svnm2gihe60shgtjg.mp4","video",8.526
"3/4/2026, 8:06:27 pm","ABC","Dil se Godlike (Copy)","zone-1773730231601","https://res.cloudinary.com/drxxhphoz/image/upload/v1773399148/vtuphkntyfwc8wjfithg.png","image",0.003
"3/4/2026, 8:06:27 pm","ABC","Dil se Godlike (Copy)","zone-1773301729954","https://res.cloudinary.com/drxxhphoz/image/upload/v1773399148/vtuphkntyfwc8wjfithg.png","image",0.001
"3/4/2026, 8:06:20 pm","ABC","Dil se Godlike (Copy)","zone-1773301722514","https://res.cloudinary.com/drxxhphoz/video/upload/v1774194775/va4svnm2gihe60shgtjg.mp4","video",7.423
"3/4/2026, 8:06:17 pm","ABC","Dil se Godlike (Copy)","zone-1773730231601","https://res.cloudinary.com/drxxhphoz/image/upload/v1773399148/vtuphkntyfwc8wjfithg.png","image",9.961
"3/4/2026, 8:06:17 pm","ABC","Dil se Godlike (Copy)","zone-1773301729954","https://res.cloudinary.com/drxxhphoz/image/upload/v1773399148/vtuphkntyfwc8wjfithg.png","image",9.961
"3/4/2026, 8:06:07 pm","ABC","Dil se Godlike (Copy)","zone-1773730231601","https://res.cloudinary.com/drxxhphoz/image/upload/v1773399142/dnuhdotxoncgwru7qitz.jpg","image",10.015
"3/4/2026, 8:06:07 pm","ABC","Dil se Godlike (Copy)","zone-1773301729954","https://res.cloudinary.com/drxxhphoz/image/upload/v1773399142/dnuhdotxoncgwru7qitz.jpg","image",10.015
"3/4/2026, 8:06:06 pm","ABC","Dil se Godlike (Copy)","zone-1773301722514","https://res.cloudinary.com/drxxhphoz/video/upload/v1774194776/lugb7jxrx6zeldniz6lv.mp4","video",13.342
"3/4/2026, 8:05:57 pm","ABC","Dil se Godlike (Copy)","zone-1773301729954","https://res.cloudinary.com/drxxhphoz/image/upload/v1773399142/eepeb8uu9okckyxp3gsu.jpg","image",10.005
"3/4/2026, 8:05:57 pm","ABC","Dil se Godlike (Copy)","zone-1773730231601","https://res.cloudinary.com/drxxhphoz/image/upload/v1773399142/eepeb8uu9okckyxp3gsu.jpg","image",10.006
"3/4/2026, 8:05:57 pm","ABC","Dil se Godlike (Copy)","zone-1773730231601","https://res.cloudinary.com/drxxhphoz/image/upload/v1773399148/vtuphkntyfwc8wjfithg.png","image",0.006
"3/4/2026, 8:05:57 pm","ABC","Dil se Godlike (Copy)","zone-1773301729954","https://res.cloudinary.com/drxxhphoz/image/upload/v1773399148/vtuphkntyfwc8wjfithg.png","image",0.005
"3/4/2026, 8:05:57 pm","ABC","Dil se Godlike (Copy)","zone-1773301722514","https://res.cloudinary.com/drxxhphoz/video/upload/v1774194775/va4svnm2gihe60shgtjg.mp4","video",9.223
"3/4/2026, 8:05:50 pm","ABC","Dil se Godlike (Copy)","zone-1773301722514","https://res.cloudinary.com/drxxhphoz/video/upload/v1774194775/va4svnm2gihe60shgtjg.mp4","video",6.775
"3/4/2026, 8:05:47 pm","ABC","Dil se Godlike (Copy)","zone-1773730231601","https://res.cloudinary.com/drxxhphoz/image/upload/v1773399148/vtuphkntyfwc8wjfithg.png","image",9.964
"3/4/2026, 8:05:47 pm","ABC","Dil se Godlike (Copy)","zone-1773301729954","https://res.cloudinary.com/drxxhphoz/image/upload/v1773399148/vtuphkntyfwc8wjfithg.png","image",9.963
"3/4/2026, 8:05:37 pm","ABC","Dil se Godlike (Copy)","zone-1773730231601","https://res.cloudinary.com/drxxhphoz/image/upload/v1773399142/dnuhdotxoncgwru7qitz.jpg","image",10.014
"3/4/2026, 8:05:37 pm","ABC","Dil se Godlike (Copy)","zone-1773301729954","https://res.cloudinary.com/drxxhphoz/image/upload/v1773399142/dnuhdotxoncgwru7qitz.jpg","image",10.015
"3/4/2026, 8:05:37 pm","ABC","Dil se Godlike (Copy)","zone-1773301722514","https://res.cloudinary.com/drxxhphoz/video/upload/v1774194776/lugb7jxrx6zeldniz6lv.mp4","video",13.332
"3/4/2026, 8:05:27 pm","ABC","Dil se Godlike (Copy)","zone-1773730231601","https://res.cloudinary.com/drxxhphoz/image/upload/v1773399142/eepeb8uu9okckyxp3gsu.jpg","image",10.002
"3/4/2026, 8:05:27 pm","ABC","Dil se Godlike (Copy)","zone-1773301729954","https://res.cloudinary.com/drxxhphoz/image/upload/v1773399142/eepeb8uu9okckyxp3gsu.jpg","image",10.002
"3/4/2026, 8:05:27 pm","ABC","Dil se Godlike (Copy)","zone-1773301722514","https://res.cloudinary.com/drxxhphoz/video/upload/v1774194775/va4svnm2gihe60shgtjg.mp4","video",9.873
"3/4/2026, 8:05:27 pm","ABC","Dil se Godlike (Copy)","zone-1773301729954","https://res.cloudinary.com/drxxhphoz/image/upload/v1773399142/eepeb8uu9okckyxp3gsu.jpg","image",0.061
"3/4/2026, 8:05:27 pm","ABC","Dil se Godlike (Copy)","zone-1773730231601","https://res.cloudinary.com/drxxhphoz/image/upload/v1773399142/eepeb8uu9okckyxp3gsu.jpg","image",0.061
"3/4/2026, 8:05:21 pm","ABC","Dil se Godlike (Copy)","zone-1773301722514","https://res.cloudinary.com/drxxhphoz/video/upload/v1774194775/va4svnm2gihe60shgtjg.mp4","video",6.109
"3/4/2026, 8:05:17 pm","ABC","Dil se Godlike (Copy)","zone-1773730231601","https://res.cloudinary.com/drxxhphoz/image/upload/v1773399148/vtuphkntyfwc8wjfithg.png","image",10.004
"3/4/2026, 8:05:17 pm","ABC","Dil se Godlike (Copy)","zone-1773301729954","https://res.cloudinary.com/drxxhphoz/image/upload/v1773399148/vtuphkntyfwc8wjfithg.png","image",10.003
"3/4/2026, 8:05:08 pm","ABC","Dil se Godlike (Copy)","zone-1773301722514","https://res.cloudinary.com/drxxhphoz/video/upload/v1774194776/lugb7jxrx6zeldniz6lv.mp4","video",13.393
"3/4/2026, 8:05:07 pm","ABC","Dil se Godlike (Copy)","zone-1773730231601","https://res.cloudinary.com/drxxhphoz/image/upload/v1773399142/dnuhdotxoncgwru7qitz.jpg","image",10.004
"3/4/2026, 8:05:07 pm","ABC","Dil se Godlike (Copy)","zone-1773301729954","https://res.cloudinary.com/drxxhphoz/image/upload/v1773399142/dnuhdotxoncgwru7qitz.jpg","image",10.004
"3/4/2026, 8:04:57 pm","ABC","Dil se Godlike (Copy)","zone-1773730231601","https://res.cloudinary.com/drxxhphoz/image/upload/v1773399142/eepeb8uu9okckyxp3gsu.jpg","image",10.008
"3/4/2026, 8:04:57 pm","ABC","Dil se Godlike (Copy)","zone-1773301729954","https://res.cloudinary.com/drxxhphoz/image/upload/v1773399142/eepeb8uu9okckyxp3gsu.jpg","image",10.008
"3/4/2026, 8:04:57 pm","ABC","Dil se Godlike (Copy)","zone-1773301722514","https://res.cloudinary.com/drxxhphoz/video/upload/v1774194775/va4svnm2gihe60shgtjg.mp4","video",10.578
"3/4/2026, 8:04:57 pm","ABC","Dil se Godlike (Copy)","zone-1773301729954","https://res.cloudinary.com/drxxhphoz/image/upload/v1773399148/vtuphkntyfwc8wjfithg.png","image",0
"3/4/2026, 8:04:57 pm","ABC","Dil se Godlike (Copy)","zone-1773730231601","https://res.cloudinary.com/drxxhphoz/image/upload/v1773399148/vtuphkntyfwc8wjfithg.png","image",0.001
"3/4/2026, 8:04:52 pm","ABC","Dil se Godlike (Copy)","zone-1773301722514","https://res.cloudinary.com/drxxhphoz/video/upload/v1774194775/va4svnm2gihe60shgtjg.mp4","video",5.424
"3/4/2026, 8:04:47 pm","ABC","Dil se Godlike (Copy)","zone-1773730231601","https://res.cloudinary.com/drxxhphoz/image/upload/v1773399148/vtuphkntyfwc8wjfithg.png","image",9.891
"3/4/2026, 8:04:47 pm","ABC","Dil se Godlike (Copy)","zone-1773301729954","https://res.cloudinary.com/drxxhphoz/image/upload/v1773399148/vtuphkntyfwc8wjfithg.png","image",9.891
"3/4/2026, 8:04:38 pm","ABC","Dil se Godlike (Copy)","zone-1773301722514","https://res.cloudinary.com/drxxhphoz/video/upload/v1774194776/lugb7jxrx6zeldniz6lv.mp4","video",13.379
"3/4/2026, 8:04:37 pm","ABC","Dil se Godlike (Copy)","zone-1773730231601","https://res.cloudinary.com/drxxhphoz/image/upload/v1773399142/dnuhdotxoncgwru7qitz.jpg","image",10.012
"3/4/2026, 8:04:37 pm","ABC","Dil se Godlike (Copy)","zone-1773301729954","https://res.cloudinary.com/drxxhphoz/image/upload/v1773399142/dnuhdotxoncgwru7qitz.jpg","image",10.011
"3/4/2026, 8:04:27 pm","ABC","Dil se Godlike (Copy)","zone-1773730231601","https://res.cloudinary.com/drxxhphoz/image/upload/v1773399142/eepeb8uu9okckyxp3gsu.jpg","image",10.012
"3/4/2026, 8:04:27 pm","ABC","Dil se Godlike (Copy)","zone-1773301729954","https://res.cloudinary.com/drxxhphoz/image/upload/v1773399142/eepeb8uu9okckyxp3gsu.jpg","image",10.011
"3/4/2026, 8:04:27 pm","ABC","Dil se Godlike (Copy)","zone-1773301722514","https://res.cloudinary.com/drxxhphoz/video/upload/v1774194775/va4svnm2gihe60shgtjg.mp4","video",11.111
"3/4/2026, 8:04:27 pm","ABC","Dil se Godlike (Copy)","zone-1773730231601","https://res.cloudinary.com/drxxhphoz/image/upload/v1773399148/vtuphkntyfwc8wjfithg.png","image",0.001
"3/4/2026, 8:04:27 pm","ABC","Dil se Godlike (Copy)","zone-1773301729954","https://res.cloudinary.com/drxxhphoz/image/upload/v1773399148/vtuphkntyfwc8wjfithg.png","image",0.001
"3/4/2026, 8:04:22 pm","ABC","Dil se Godlike (Copy)","zone-1773301722514","https://res.cloudinary.com/drxxhphoz/video/upload/v1774194775/va4svnm2gihe60shgtjg.mp4","video",5.057
"3/4/2026, 8:04:17 pm","ABC","Dil se Godlike (Copy)","zone-1773301729954","https://res.cloudinary.com/drxxhphoz/image/upload/v1773399148/vtuphkntyfwc8wjfithg.png","image",9.765
"3/4/2026, 8:04:17 pm","ABC","Dil se Godlike (Copy)","zone-1773730231601","https://res.cloudinary.com/drxxhphoz/image/upload/v1773399148/vtuphkntyfwc8wjfithg.png","image",9.766
"3/4/2026, 8:04:09 pm","ABC","Dil se Godlike (Copy)","zone-1773301722514","https://res.cloudinary.com/drxxhphoz/video/upload/v1774194776/lugb7jxrx6zeldniz6lv.mp4","video",13.365
"3/4/2026, 8:04:07 pm","ABC","Dil se Godlike (Copy)","zone-1773301729954","https://res.cloudinary.com/drxxhphoz/image/upload/v1773399142/dnuhdotxoncgwru7qitz.jpg","image",10.004
"3/4/2026, 8:04:07 pm","ABC","Dil se Godlike (Copy)","zone-1773730231601","https://res.cloudinary.com/drxxhphoz/image/upload/v1773399142/dnuhdotxoncgwru7qitz.jpg","image",10.004
"3/4/2026, 8:03:57 pm","ABC","Dil se Godlike (Copy)","zone-1773730231601","https://res.cloudinary.com/drxxhphoz/image/upload/v1773399142/eepeb8uu9okckyxp3gsu.jpg","image",10.013
"3/4/2026, 8:03:57 pm","ABC","Dil se Godlike (Copy)","zone-1773301729954","https://res.cloudinary.com/drxxhphoz/image/upload/v1773399142/eepeb8uu9okckyxp3gsu.jpg","image",10.012
"3/4/2026, 8:03:57 pm","ABC","Dil se Godlike (Copy)","zone-1773301722514","https://res.cloudinary.com/drxxhphoz/video/upload/v1774194775/va4svnm2gihe60shgtjg.mp4","video",11.363
"3/4/2026, 8:03:57 pm","ABC","Dil se Godlike (Copy)","zone-1773730231601","https://res.cloudinary.com/drxxhphoz/image/upload/v1773399148/vtuphkntyfwc8wjfithg.png","image",0.004
"3/4/2026, 8:03:57 pm","ABC","Dil se Godlike (Copy)","zone-1773301729954","https://res.cloudinary.com/drxxhphoz/image/upload/v1773399148/vtuphkntyfwc8wjfithg.png","image",0.004
"3/4/2026, 8:03:53 pm","ABC","Dil se Godlike (Copy)","zone-1773301722514","https://res.cloudinary.com/drxxhphoz/video/upload/v1774194775/va4svnm2gihe60shgtjg.mp4","video",4.688
"3/4/2026, 8:03:47 pm","ABC","Dil se Godlike (Copy)","zone-1773730231601","https://res.cloudinary.com/drxxhphoz/image/upload/v1773399148/vtuphkntyfwc8wjfithg.png","image",10.015
"3/4/2026, 8:03:47 pm","ABC","Dil se Godlike (Copy)","zone-1773301729954","https://res.cloudinary.com/drxxhphoz/image/upload/v1773399148/vtuphkntyfwc8wjfithg.png","image",10.015
"3/4/2026, 8:03:39 pm","ABC","Dil se Godlike (Copy)","zone-1773301722514","https://res.cloudinary.com/drxxhphoz/video/upload/v1774194776/lugb7jxrx6zeldniz6lv.mp4","video",13.363
"3/4/2026, 8:03:37 pm","ABC","Dil se Godlike (Copy)","zone-1773730231601","https://res.cloudinary.com/drxxhphoz/image/upload/v1773399142/dnuhdotxoncgwru7qitz.jpg","image",10.006
"3/4/2026, 8:03:37 pm","ABC","Dil se Godlike (Copy)","zone-1773301729954","https://res.cloudinary.com/drxxhphoz/image/upload/v1773399142/dnuhdotxoncgwru7qitz.jpg","image",10.006
"3/4/2026, 8:03:27 pm","ABC","Dil se Godlike (Copy)","zone-1773301729954","https://res.cloudinary.com/drxxhphoz/image/upload/v1773399142/eepeb8uu9okckyxp3gsu.jpg","image",10.007
"3/4/2026, 8:03:27 pm","ABC","Dil se Godlike (Copy)","zone-1773730231601","https://res.cloudinary.com/drxxhphoz/image/upload/v1773399142/eepeb8uu9okckyxp3gsu.jpg","image",10.007
"3/4/2026, 8:03:27 pm","ABC","Dil se Godlike (Copy)","zone-1773301722514","https://res.cloudinary.com/drxxhphoz/video/upload/v1774194775/va4svnm2gihe60shgtjg.mp4","video",12.19
"3/4/2026, 8:03:27 pm","ABC","Dil se Godlike (Copy)","zone-1773301729954","https://res.cloudinary.com/drxxhphoz/image/upload/v1773399148/vtuphkntyfwc8wjfithg.png","image",0.213
"3/4/2026, 8:03:27 pm","ABC","Dil se Godlike (Copy)","zone-1773730231601","https://res.cloudinary.com/drxxhphoz/image/upload/v1773399148/vtuphkntyfwc8wjfithg.png","image",0.214
"3/4/2026, 8:03:23 pm","ABC","Dil se Godlike (Copy)","zone-1773301722514","https://res.cloudinary.com/drxxhphoz/video/upload/v1774194775/va4svnm2gihe60shgtjg.mp4","video",3.742
"3/4/2026, 8:03:17 pm","ABC","Dil se Godlike (Copy)","zone-1773730231601","https://res.cloudinary.com/drxxhphoz/image/upload/v1773399148/vtuphkntyfwc8wjfithg.png","image",9.732
"3/4/2026, 8:03:17 pm","ABC","Dil se Godlike (Copy)","zone-1773301729954","https://res.cloudinary.com/drxxhphoz/image/upload/v1773399148/vtuphkntyfwc8wjfithg.png","image",9.732
"3/4/2026, 8:03:10 pm","ABC","Dil se Godlike (Copy)","zone-1773301722514","https://res.cloudinary.com/drxxhphoz/video/upload/v1774194776/lugb7jxrx6zeldniz6lv.mp4","video",13.359
"3/4/2026, 8:03:07 pm","ABC","Dil se Godlike (Copy)","zone-1773301729954","https://res.cloudinary.com/drxxhphoz/image/upload/v1773399142/dnuhdotxoncgwru7qitz.jpg","image",10.013
"3/4/2026, 8:03:07 pm","ABC","Dil se Godlike (Copy)","zone-1773730231601","https://res.cloudinary.com/drxxhphoz/image/upload/v1773399142/dnuhdotxoncgwru7qitz.jpg","image",10.014
"3/4/2026, 8:02:57 pm","ABC","Dil se Godlike (Copy)","zone-1773301722514","https://res.cloudinary.com/drxxhphoz/video/upload/v1774194775/va4svnm2gihe60shgtjg.mp4","video",12.655
"3/4/2026, 8:02:57 pm","ABC","Dil se Godlike (Copy)","zone-1773730231601","https://res.cloudinary.com/drxxhphoz/image/upload/v1773399142/eepeb8uu9okckyxp3gsu.jpg","image",10.013
"3/4/2026, 8:02:57 pm","ABC","Dil se Godlike (Copy)","zone-1773301729954","https://res.cloudinary.com/drxxhphoz/image/upload/v1773399142/eepeb8uu9okckyxp3gsu.jpg","image",10.012
"3/4/2026, 8:02:57 pm","ABC","Dil se Godlike (Copy)","zone-1773301729954","https://res.cloudinary.com/drxxhphoz/image/upload/v1773399142/eepeb8uu9okckyxp3gsu.jpg","image",0.196
"3/4/2026, 8:02:57 pm","ABC","Dil se Godlike (Copy)","zone-1773730231601","https://res.cloudinary.com/drxxhphoz/image/upload/v1773399142/eepeb8uu9okckyxp3gsu.jpg","image",0.196
"3/4/2026, 8:02:54 pm","ABC","Dil se Godlike (Copy)","zone-1773301722514","https://res.cloudinary.com/drxxhphoz/video/upload/v1774194775/va4svnm2gihe60shgtjg.mp4","video",3.284
"3/4/2026, 8:02:47 pm","ABC","Dil se Godlike (Copy)","zone-1773730231601","https://res.cloudinary.com/drxxhphoz/image/upload/v1773399148/vtuphkntyfwc8wjfithg.png","image",10.008
"3/4/2026, 8:02:47 pm","ABC","Dil se Godlike (Copy)","zone-1773301729954","https://res.cloudinary.com/drxxhphoz/image/upload/v1773399148/vtuphkntyfwc8wjfithg.png","image",10.008
"3/4/2026, 8:02:41 pm","ABC","Dil se Godlike (Copy)","zone-1773301722514","https://res.cloudinary.com/drxxhphoz/video/upload/v1774194776/lugb7jxrx6zeldniz6lv.mp4","video",13.314
"3/4/2026, 8:02:37 pm","ABC","Dil se Godlike (Copy)","zone-1773301729954","https://res.cloudinary.com/drxxhphoz/image/upload/v1773399142/dnuhdotxoncgwru7qitz.jpg","image",10.008
"3/4/2026, 8:02:37 pm","ABC","Dil se Godlike (Copy)","zone-1773730231601","https://res.cloudinary.com/drxxhphoz/image/upload/v1773399142/dnuhdotxoncgwru7qitz.jpg","image",10.008
"3/4/2026, 8:02:27 pm","ABC","Dil se Godlike (Copy)","zone-1773730231601","https://res.cloudinary.com/drxxhphoz/image/upload/v1773399142/eepeb8uu9okckyxp3gsu.jpg","image",10.006
"3/4/2026, 8:02:27 pm","ABC","Dil se Godlike (Copy)","zone-1773301729954","https://res.cloudinary.com/drxxhphoz/image/upload/v1773399142/eepeb8uu9okckyxp3gsu.jpg","image",10.006
"3/4/2026, 8:02:27 pm","ABC","Dil se Godlike (Copy)","zone-1773730231601","https://res.cloudinary.com/drxxhphoz/image/upload/v1773399148/vtuphkntyfwc8wjfithg.png","image",0.006
"3/4/2026, 8:02:27 pm","ABC","Dil se Godlike (Copy)","zone-1773301729954","https://res.cloudinary.com/drxxhphoz/image/upload/v1773399148/vtuphkntyfwc8wjfithg.png","image",0.005
"3/4/2026, 8:02:27 pm","ABC","Dil se Godlike (Copy)","zone-1773301722514","https://res.cloudinary.com/drxxhphoz/video/upload/v1774194775/va4svnm2gihe60shgtjg.mp4","video",13.627
"3/4/2026, 8:02:25 pm","ABC","Dil se Godlike (Copy)","zone-1773301722514","https://res.cloudinary.com/drxxhphoz/video/upload/v1774194775/va4svnm2gihe60shgtjg.mp4","video",2.417
"3/4/2026, 8:02:17 pm","ABC","Dil se Godlike (Copy)","zone-1773730231601","https://res.cloudinary.com/drxxhphoz/image/upload/v1773399148/vtuphkntyfwc8wjfithg.png","image",9.862
"3/4/2026, 8:02:17 pm","ABC","Dil se Godlike (Copy)","zone-1773301729954","https://res.cloudinary.com/drxxhphoz/image/upload/v1773399148/vtuphkntyfwc8wjfithg.png","image",9.862
"3/4/2026, 8:02:11 pm","ABC","Dil se Godlike (Copy)","zone-1773301722514","https://res.cloudinary.com/drxxhphoz/video/upload/v1774194776/lugb7jxrx6zeldniz6lv.mp4","video",13.507
"3/4/2026, 8:02:07 pm","ABC","Dil se Godlike (Copy)","zone-1773730231601","https://res.cloudinary.com/drxxhphoz/image/upload/v1773399142/dnuhdotxoncgwru7qitz.jpg","image",10.001
"3/4/2026, 8:02:07 pm","ABC","Dil se Godlike (Copy)","zone-1773301729954","https://res.cloudinary.com/drxxhphoz/image/upload/v1773399142/dnuhdotxoncgwru7qitz.jpg","image",10.001
"3/4/2026, 8:01:57 pm","ABC","Dil se Godlike (Copy)","zone-1773301729954","https://res.cloudinary.com/drxxhphoz/image/upload/v1773399142/eepeb8uu9okckyxp3gsu.jpg","image",10.011
"3/4/2026, 8:01:57 pm","ABC","Dil se Godlike (Copy)","zone-1773730231601","https://res.cloudinary.com/drxxhphoz/image/upload/v1773399142/eepeb8uu9okckyxp3gsu.jpg","image",10.011
"3/4/2026, 8:01:57 pm","ABC","Dil se Godlike (Copy)","zone-1773301729954","https://res.cloudinary.com/drxxhphoz/image/upload/v1773399148/vtuphkntyfwc8wjfithg.png","image",0.005
"3/4/2026, 8:01:57 pm","ABC","Dil se Godlike (Copy)","zone-1773730231601","https://res.cloudinary.com/drxxhphoz/image/upload/v1773399148/vtuphkntyfwc8wjfithg.png","image",0.005
"3/4/2026, 8:01:57 pm","ABC","Dil se Godlike (Copy)","zone-1773301722514","https://res.cloudinary.com/drxxhphoz/video/upload/v1774194775/va4svnm2gihe60shgtjg.mp4","video",13.957
"3/4/2026, 8:01:55 pm","ABC","Dil se Godlike (Copy)","zone-1773301722514","https://res.cloudinary.com/drxxhphoz/video/upload/v1774194775/va4svnm2gihe60shgtjg.mp4","video",2.077
"3/4/2026, 8:01:47 pm","ABC","Dil se Godlike (Copy)","zone-1773730231601","https://res.cloudinary.com/drxxhphoz/image/upload/v1773399148/vtuphkntyfwc8wjfithg.png","image",9.931
"3/4/2026, 8:01:47 pm","ABC","Dil se Godlike (Copy)","zone-1773301729954","https://res.cloudinary.com/drxxhphoz/image/upload/v1773399148/vtuphkntyfwc8wjfithg.png","image",9.93
"3/4/2026, 8:01:42 pm","ABC","Dil se Godlike (Copy)","zone-1773301722514","https://res.cloudinary.com/drxxhphoz/video/upload/v1774194776/lugb7jxrx6zeldniz6lv.mp4","video",13.315
"3/4/2026, 8:01:37 pm","ABC","Dil se Godlike (Copy)","zone-1773301729954","https://res.cloudinary.com/drxxhphoz/image/upload/v1773399142/dnuhdotxoncgwru7qitz.jpg","image",9.998
"3/4/2026, 8:01:37 pm","ABC","Dil se Godlike (Copy)","zone-1773730231601","https://res.cloudinary.com/drxxhphoz/image/upload/v1773399142/dnuhdotxoncgwru7qitz.jpg","image",9.998
"3/4/2026, 8:01:27 pm","ABC","Dil se Godlike (Copy)","zone-1773730231601","https://res.cloudinary.com/drxxhphoz/image/upload/v1773399142/eepeb8uu9okckyxp3gsu.jpg","image",10.017
"3/4/2026, 8:01:27 pm","ABC","Dil se Godlike (Copy)","zone-1773301729954","https://res.cloudinary.com/drxxhphoz/image/upload/v1773399142/eepeb8uu9okckyxp3gsu.jpg","image",10.016
"3/4/2026, 8:01:27 pm","ABC","Dil se Godlike (Copy)","zone-1773730231601","https://res.cloudinary.com/drxxhphoz/image/upload/v1773399148/vtuphkntyfwc8wjfithg.png","image",0.002
"3/4/2026, 8:01:27 pm","ABC","Dil se Godlike (Copy)","zone-1773301729954","https://res.cloudinary.com/drxxhphoz/image/upload/v1773399148/vtuphkntyfwc8wjfithg.png","image",0.001
"3/4/2026, 8:01:27 pm","ABC","Dil se Godlike (Copy)","zone-1773301722514","https://res.cloudinary.com/drxxhphoz/video/upload/v1774194775/va4svnm2gihe60shgtjg.mp4","video",14.558
"3/4/2026, 8:01:26 pm","ABC","Dil se Godlike (Copy)","zone-1773301722514","https://res.cloudinary.com/drxxhphoz/video/upload/v1774194775/va4svnm2gihe60shgtjg.mp4","video",1.382
"3/4/2026, 8:01:17 pm","ABC","Dil se Godlike (Copy)","zone-1773730231601","https://res.cloudinary.com/drxxhphoz/image/upload/v1773399148/vtuphkntyfwc8wjfithg.png","image",9.858
"3/4/2026, 8:01:17 pm","ABC","Dil se Godlike (Copy)","zone-1773301729954","https://res.cloudinary.com/drxxhphoz/image/upload/v1773399148/vtuphkntyfwc8wjfithg.png","image",9.858
"3/4/2026, 8:01:13 pm","ABC","Dil se Godlike (Copy)","zone-1773301722514","https://res.cloudinary.com/drxxhphoz/video/upload/v1774194776/lugb7jxrx6zeldniz6lv.mp4","video",13.325
"3/4/2026, 8:01:07 pm","ABC","Dil se Godlike (Copy)","zone-1773301729954","https://res.cloudinary.com/drxxhphoz/image/upload/v1773399142/dnuhdotxoncgwru7qitz.jpg","image",10.01
"3/4/2026, 8:01:07 pm","ABC","Dil se Godlike (Copy)","zone-1773730231601","https://res.cloudinary.com/drxxhphoz/image/upload/v1773399142/dnuhdotxoncgwru7qitz.jpg","image",10.01
"3/4/2026, 8:00:57 pm","ABC","Dil se Godlike (Copy)","zone-1773730231601","https://res.cloudinary.com/drxxhphoz/image/upload/v1773399142/eepeb8uu9okckyxp3gsu.jpg","image",10.018
"3/4/2026, 8:00:57 pm","ABC","Dil se Godlike (Copy)","zone-1773301722514","https://res.cloudinary.com/drxxhphoz/video/upload/v1774194775/va4svnm2gihe60shgtjg.mp4","video",15.181
"3/4/2026, 8:00:57 pm","ABC","Dil se Godlike (Copy)","zone-1773301729954","https://res.cloudinary.com/drxxhphoz/image/upload/v1773399142/eepeb8uu9okckyxp3gsu.jpg","image",10.018
"3/4/2026, 8:00:57 pm","ABC","Dil se Godlike (Copy)","zone-1773730231601","https://res.cloudinary.com/drxxhphoz/image/upload/v1773399142/eepeb8uu9okckyxp3gsu.jpg","image",0.021
"3/4/2026, 8:00:57 pm","ABC","Dil se Godlike (Copy)","zone-1773301729954","https://res.cloudinary.com/drxxhphoz/image/upload/v1773399142/eepeb8uu9okckyxp3gsu.jpg","image",0.02
"3/4/2026, 8:00:57 pm","ABC","Dil se Godlike (Copy)","zone-1773301722514","https://res.cloudinary.com/drxxhphoz/video/upload/v1774194775/va4svnm2gihe60shgtjg.mp4","video",0.772
"3/4/2026, 8:00:47 pm","ABC","Dil se Godlike (Copy)","zone-1773301729954","https://res.cloudinary.com/drxxhphoz/image/upload/v1773399148/vtuphkntyfwc8wjfithg.png","image",10.005
"3/4/2026, 8:00:47 pm","ABC","Dil se Godlike (Copy)","zone-1773730231601","https://res.cloudinary.com/drxxhphoz/image/upload/v1773399148/vtuphkntyfwc8wjfithg.png","image",10.006
"3/4/2026, 8:00:43 pm","ABC","Dil se Godlike (Copy)","zone-1773301722514","https://res.cloudinary.com/drxxhphoz/video/upload/v1774194776/lugb7jxrx6zeldniz6lv.mp4","video",13.318
"3/4/2026, 8:00:37 pm","ABC","Dil se Godlike (Copy)","zone-1773301729954","https://res.cloudinary.com/drxxhphoz/image/upload/v1773399142/dnuhdotxoncgwru7qitz.jpg","image",10.008
"3/4/2026, 8:00:37 pm","ABC","Dil se Godlike (Copy)","zone-1773730231601","https://res.cloudinary.com/drxxhphoz/image/upload/v1773399142/dnuhdotxoncgwru7qitz.jpg","image",10.008
"3/4/2026, 8:00:27 pm","ABC","Dil se Godlike (Copy)","zone-1773301722514","https://res.cloudinary.com/drxxhphoz/video/upload/v1774194775/va4svnm2gihe60shgtjg.mp4","video",15.949
"3/4/2026, 8:00:27 pm","ABC","Dil se Godlike (Copy)","zone-1773730231601","https://res.cloudinary.com/drxxhphoz/image/upload/v1773399142/eepeb8uu9okckyxp3gsu.jpg","image",10.017
"3/4/2026, 8:00:27 pm","ABC","Dil se Godlike (Copy)","zone-1773301729954","https://res.cloudinary.com/drxxhphoz/image/upload/v1773399142/eepeb8uu9okckyxp3gsu.jpg","image",10.016
"3/4/2026, 8:00:27 pm","ABC","Dil se Godlike (Copy)","zone-1773301722514","https://res.cloudinary.com/drxxhphoz/video/upload/v1774194776/lugb7jxrx6zeldniz6lv.mp4","video",0.011
"3/4/2026, 8:00:27 pm","ABC","Dil se Godlike (Copy)","zone-1773730231601","https://res.cloudinary.com/drxxhphoz/image/upload/v1773399142/eepeb8uu9okckyxp3gsu.jpg","image",0.196
"3/4/2026, 8:00:27 pm","ABC","Dil se Godlike (Copy)","zone-1773301729954","https://res.cloudinary.com/drxxhphoz/image/upload/v1773399142/eepeb8uu9okckyxp3gsu.jpg","image",0.195
"3/4/2026, 8:00:27 pm","ABC","Dil se Godlike (Copy)","zone-1773301722514","https://res.cloudinary.com/drxxhphoz/video/upload/v1774194776/lugb7jxrx6zeldniz6lv.mp4","video",0.263
"3/4/2026, 8:00:17 pm","ABC","Dil se Godlike (Copy)","zone-1773730231601","https://res.cloudinary.com/drxxhphoz/image/upload/v1773399148/vtuphkntyfwc8wjfithg.png","image",10.006
"3/4/2026, 8:00:17 pm","ABC","Dil se Godlike (Copy)","zone-1773301729954","https://res.cloudinary.com/drxxhphoz/image/upload/v1773399148/vtuphkntyfwc8wjfithg.png","image",10.005
"3/4/2026, 8:00:11 pm","ABC","Dil se Godlike (Copy)","zone-1773301722514","https://res.cloudinary.com/drxxhphoz/video/upload/v1774194775/va4svnm2gihe60shgtjg.mp4","video",15.967
"3/4/2026, 8:00:07 pm","ABC","Dil se Godlike (Copy)","zone-1773730231601","https://res.cloudinary.com/drxxhphoz/image/upload/v1773399142/dnuhdotxoncgwru7qitz.jpg","image",10.009
"3/4/2026, 8:00:07 pm","ABC","Dil se Godlike (Copy)","zone-1773301729954","https://res.cloudinary.com/drxxhphoz/image/upload/v1773399142/dnuhdotxoncgwru7qitz.jpg","image",10.009
"3/4/2026, 7:59:57 pm","ABC","Dil se Godlike (Copy)","zone-1773301722514","https://res.cloudinary.com/drxxhphoz/video/upload/v1774194776/lugb7jxrx6zeldniz6lv.mp4","video",13.581
"3/4/2026, 7:59:57 pm","ABC","Dil se Godlike (Copy)","zone-1773301729954","https://res.cloudinary.com/drxxhphoz/image/upload/v1773399142/eepeb8uu9okckyxp3gsu.jpg","image",10.015
"3/4/2026, 7:59:57 pm","ABC","Dil se Godlike (Copy)","zone-1773730231601","https://res.cloudinary.com/drxxhphoz/image/upload/v1773399142/eepeb8uu9okckyxp3gsu.jpg","image",10.016
"3/4/2026, 7:59:57 pm","ABC","Dil se Godlike (Copy)","zone-1773730231601","https://res.cloudinary.com/drxxhphoz/image/upload/v1773399148/vtuphkntyfwc8wjfithg.png","image",0.005
"3/4/2026, 7:59:57 pm","ABC","Dil se Godlike (Copy)","zone-1773301722514","https://res.cloudinary.com/drxxhphoz/video/upload/v1774194775/va4svnm2gihe60shgtjg.mp4","video",0.421
"3/4/2026, 7:59:57 pm","ABC","Dil se Godlike (Copy)","zone-1773301729954","https://res.cloudinary.com/drxxhphoz/image/upload/v1773399148/vtuphkntyfwc8wjfithg.png","image",0.005
"3/4/2026, 7:59:47 pm","ABC","Dil se Godlike (Copy)","zone-1773730231601","https://res.cloudinary.com/drxxhphoz/image/upload/v1773399148/vtuphkntyfwc8wjfithg.png","image",9.613
"3/4/2026, 7:59:47 pm","ABC","Dil se Godlike (Copy)","zone-1773301729954","https://res.cloudinary.com/drxxhphoz/image/upload/v1773399148/vtuphkntyfwc8wjfithg.png","image",9.613
"3/4/2026, 7:59:42 pm","ABC","Dil se Godlike (Copy)","zone-1773301722514","https://res.cloudinary.com/drxxhphoz/video/upload/v1774194775/va4svnm2gihe60shgtjg.mp4","video",15.516
"3/4/2026, 7:59:37 pm","ABC","Dil se Godlike (Copy)","zone-1773730231601","https://res.cloudinary.com/drxxhphoz/image/upload/v1773399142/dnuhdotxoncgwru7qitz.jpg","image",10.004
"3/4/2026, 7:59:37 pm","ABC","Dil se Godlike (Copy)","zone-1773301729954","https://res.cloudinary.com/drxxhphoz/image/upload/v1773399142/dnuhdotxoncgwru7qitz.jpg","image",10.004
"3/4/2026, 7:59:28 pm","ABC","Dil se Godlike (Copy)","zone-1773301722514","https://res.cloudinary.com/drxxhphoz/video/upload/v1774194776/lugb7jxrx6zeldniz6lv.mp4","video",13.328
"3/4/2026, 7:59:27 pm","ABC","Dil se Godlike (Copy)","zone-1773301729954","https://res.cloudinary.com/drxxhphoz/image/upload/v1773399142/eepeb8uu9okckyxp3gsu.jpg","image",10.006
"3/4/2026, 7:59:27 pm","ABC","Dil se Godlike (Copy)","zone-1773730231601","https://res.cloudinary.com/drxxhphoz/image/upload/v1773399142/eepeb8uu9okckyxp3gsu.jpg","image",10.007
"3/4/2026, 7:59:27 pm","ABC","Dil se Godlike (Copy)","zone-1773301722514","https://res.cloudinary.com/drxxhphoz/video/upload/v1774194775/va4svnm2gihe60shgtjg.mp4","video",0.778
"3/4/2026, 7:59:27 pm","ABC","Dil se Godlike (Copy)","zone-1773730231601","https://res.cloudinary.com/drxxhphoz/image/upload/v1773399142/eepeb8uu9okckyxp3gsu.jpg","image",0.301
"3/4/2026, 7:59:27 pm","ABC","Dil se Godlike (Copy)","zone-1773301729954","https://res.cloudinary.com/drxxhphoz/image/upload/v1773399142/eepeb8uu9okckyxp3gsu.jpg","image",0.301
"3/4/2026, 7:59:17 pm","ABC","Dil se Godlike (Copy)","zone-1773730231601","https://res.cloudinary.com/drxxhphoz/image/upload/v1773399148/vtuphkntyfwc8wjfithg.png","image",10.006
"3/4/2026, 7:59:17 pm","ABC","Dil se Godlike (Copy)","zone-1773301729954","https://res.cloudinary.com/drxxhphoz/image/upload/v1773399148/vtuphkntyfwc8wjfithg.png","image",10.006
"3/4/2026, 7:59:12 pm","ABC","Dil se Godlike (Copy)","zone-1773301722514","https://res.cloudinary.com/drxxhphoz/video/upload/v1774194775/va4svnm2gihe60shgtjg.mp4","video",15.147
"3/4/2026, 7:59:07 pm","ABC","Dil se Godlike (Copy)","zone-1773301729954","https://res.cloudinary.com/drxxhphoz/image/upload/v1773399142/dnuhdotxoncgwru7qitz.jpg","image",10.016
"3/4/2026, 7:59:07 pm","ABC","Dil se Godlike (Copy)","zone-1773730231601","https://res.cloudinary.com/drxxhphoz/image/upload/v1773399142/dnuhdotxoncgwru7qitz.jpg","image",10.017
"3/4/2026, 7:58:59 pm","ABC","Dil se Godlike (Copy)","zone-1773301722514","https://res.cloudinary.com/drxxhphoz/video/upload/v1774194776/lugb7jxrx6zeldniz6lv.mp4","video",13.332
"3/4/2026, 7:58:57 pm","ABC","Dil se Godlike (Copy)","zone-1773730231601","https://res.cloudinary.com/drxxhphoz/image/upload/v1773399142/eepeb8uu9okckyxp3gsu.jpg","image",10.016
"3/4/2026, 7:58:57 pm","ABC","Dil se Godlike (Copy)","zone-1773301729954","https://res.cloudinary.com/drxxhphoz/image/upload/v1773399142/eepeb8uu9okckyxp3gsu.jpg","image",10.015
"3/4/2026, 7:58:57 pm","ABC","Dil se Godlike (Copy)","zone-1773301729954","https://res.cloudinary.com/drxxhphoz/image/upload/v1773399148/vtuphkntyfwc8wjfithg.png","image",0.005
"3/4/2026, 7:58:57 pm","ABC","Dil se Godlike (Copy)","zone-1773730231601","https://res.cloudinary.com/drxxhphoz/image/upload/v1773399148/vtuphkntyfwc8wjfithg.png","image",0.005
"3/4/2026, 7:58:57 pm","ABC","Dil se Godlike (Copy)","zone-1773301722514","https://res.cloudinary.com/drxxhphoz/video/upload/v1774194775/va4svnm2gihe60shgtjg.mp4","video",1.866
"3/4/2026, 7:58:47 pm","ABC","Dil se Godlike (Copy)","zone-1773301729954","https://res.cloudinary.com/drxxhphoz/image/upload/v1773399148/vtuphkntyfwc8wjfithg.png","image",9.874
"3/4/2026, 7:58:47 pm","ABC","Dil se Godlike (Copy)","zone-1773730231601","https://res.cloudinary.com/drxxhphoz/image/upload/v1773399148/vtuphkntyfwc8wjfithg.png","image",9.875
"3/4/2026, 7:58:43 pm","ABC","Dil se Godlike (Copy)","zone-1773301722514","https://res.cloudinary.com/drxxhphoz/video/upload/v1774194775/va4svnm2gihe60shgtjg.mp4","video",14.088
"3/4/2026, 7:58:37 pm","ABC","Dil se Godlike (Copy)","zone-1773730231601","https://res.cloudinary.com/drxxhphoz/image/upload/v1773399142/dnuhdotxoncgwru7qitz.jpg","image",10.005
"3/4/2026, 7:58:37 pm","ABC","Dil se Godlike (Copy)","zone-1773301729954","https://res.cloudinary.com/drxxhphoz/image/upload/v1773399142/dnuhdotxoncgwru7qitz.jpg","image",10.004
"3/4/2026, 7:58:30 pm","ABC","Dil se Godlike (Copy)","zone-1773301722514","https://res.cloudinary.com/drxxhphoz/video/upload/v1774194776/lugb7jxrx6zeldniz6lv.mp4","video",13.341
"3/4/2026, 7:58:27 pm","ABC","Dil se Godlike (Copy)","zone-1773730231601","https://res.cloudinary.com/drxxhphoz/image/upload/v1773399142/eepeb8uu9okckyxp3gsu.jpg","image",10.01
"3/4/2026, 7:58:27 pm","ABC","Dil se Godlike (Copy)","zone-1773301729954","https://res.cloudinary.com/drxxhphoz/image/upload/v1773399142/eepeb8uu9okckyxp3gsu.jpg","image",10.009
"3/4/2026, 7:58:27 pm","ABC","Dil se Godlike (Copy)","zone-1773730231601","https://res.cloudinary.com/drxxhphoz/image/upload/v1773399148/vtuphkntyfwc8wjfithg.png","image",0.005
"3/4/2026, 7:58:27 pm","ABC","Dil se Godlike (Copy)","zone-1773301729954","https://res.cloudinary.com/drxxhphoz/image/upload/v1773399148/vtuphkntyfwc8wjfithg.png","image",0.004
"3/4/2026, 7:58:27 pm","ABC","Dil se Godlike (Copy)","zone-1773301722514","https://res.cloudinary.com/drxxhphoz/video/upload/v1774194775/va4svnm2gihe60shgtjg.mp4","video",2.465
"3/4/2026, 7:58:18 pm","ABC","Dil se Godlike (Copy)","zone-1773301729954","https://res.cloudinary.com/drxxhphoz/image/upload/v1773399148/vtuphkntyfwc8wjfithg.png","image",9.642
"3/4/2026, 7:58:18 pm","ABC","Dil se Godlike (Copy)","zone-1773730231601","https://res.cloudinary.com/drxxhphoz/image/upload/v1773399148/vtuphkntyfwc8wjfithg.png","image",9.643
"3/4/2026, 7:58:14 pm","ABC","Dil se Godlike (Copy)","zone-1773301722514","https://res.cloudinary.com/drxxhphoz/video/upload/v1774194775/va4svnm2gihe60shgtjg.mp4","video",13.616
"3/4/2026, 7:58:07 pm","ABC","Dil se Godlike (Copy)","zone-1773730231601","https://res.cloudinary.com/drxxhphoz/image/upload/v1773399142/dnuhdotxoncgwru7qitz.jpg","image",10.082
"3/4/2026, 7:58:07 pm","ABC","Dil se Godlike (Copy)","zone-1773301729954","https://res.cloudinary.com/drxxhphoz/image/upload/v1773399142/dnuhdotxoncgwru7qitz.jpg","image",10.082
"3/4/2026, 7:58:00 pm","ABC","Dil se Godlike (Copy)","zone-1773301722514","https://res.cloudinary.com/drxxhphoz/video/upload/v1774194776/lugb7jxrx6zeldniz6lv.mp4","video",13.316
"3/4/2026, 7:57:57 pm","ABC","Dil se Godlike (Copy)","zone-1773730231601","https://res.cloudinary.com/drxxhphoz/image/upload/v1773399142/eepeb8uu9okckyxp3gsu.jpg","image",10.009
"3/4/2026, 7:57:57 pm","ABC","Dil se Godlike (Copy)","zone-1773301729954","https://res.cloudinary.com/drxxhphoz/image/upload/v1773399142/eepeb8uu9okckyxp3gsu.jpg","image",10.008
"3/4/2026, 7:57:57 pm","ABC","Dil se Godlike (Copy)","zone-1773301722514","https://res.cloudinary.com/drxxhphoz/video/upload/v1774194775/va4svnm2gihe60shgtjg.mp4","video",2.807
"3/4/2026, 7:57:57 pm","ABC","Dil se Godlike (Copy)","zone-1773730231601","https://res.cloudinary.com/drxxhphoz/image/upload/v1773399148/vtuphkntyfwc8wjfithg.png","image",0.006
"3/4/2026, 7:57:57 pm","ABC","Dil se Godlike (Copy)","zone-1773301729954","https://res.cloudinary.com/drxxhphoz/image/upload/v1773399148/vtuphkntyfwc8wjfithg.png","image",0.006
"3/4/2026, 7:57:47 pm","ABC","Dil se Godlike (Copy)","zone-1773730231601","https://res.cloudinary.com/drxxhphoz/image/upload/v1773399148/vtuphkntyfwc8wjfithg.png","image",9.951
"3/4/2026, 7:57:47 pm","ABC","Dil se Godlike (Copy)","zone-1773301729954","https://res.cloudinary.com/drxxhphoz/image/upload/v1773399148/vtuphkntyfwc8wjfithg.png","image",9.95
"3/4/2026, 7:57:44 pm","ABC","Dil se Godlike (Copy)","zone-1773301722514","https://res.cloudinary.com/drxxhphoz/video/upload/v1774194775/va4svnm2gihe60shgtjg.mp4","video",13.136
"3/4/2026, 7:57:37 pm","ABC","Dil se Godlike (Copy)","zone-1773730231601","https://res.cloudinary.com/drxxhphoz/image/upload/v1773399142/dnuhdotxoncgwru7qitz.jpg","image",9.999
"3/4/2026, 7:57:37 pm","ABC","Dil se Godlike (Copy)","zone-1773301729954","https://res.cloudinary.com/drxxhphoz/image/upload/v1773399142/dnuhdotxoncgwru7qitz.jpg","image",9.998
"3/4/2026, 7:57:31 pm","ABC","Dil se Godlike (Copy)","zone-1773301722514","https://res.cloudinary.com/drxxhphoz/video/upload/v1774194776/lugb7jxrx6zeldniz6lv.mp4","video",13.316
"3/4/2026, 7:57:27 pm","ABC","Dil se Godlike (Copy)","zone-1773730231601","https://res.cloudinary.com/drxxhphoz/image/upload/v1773399142/eepeb8uu9okckyxp3gsu.jpg","image",10.017
"3/4/2026, 7:57:27 pm","ABC","Dil se Godlike (Copy)","zone-1773301729954","https://res.cloudinary.com/drxxhphoz/image/upload/v1773399142/eepeb8uu9okckyxp3gsu.jpg","image",10.016
"3/4/2026, 7:57:27 pm","ABC","Dil se Godlike (Copy)","zone-1773301722514","https://res.cloudinary.com/drxxhphoz/video/upload/v1774194775/va4svnm2gihe60shgtjg.mp4","video",3.52
"3/4/2026, 7:57:27 pm","ABC","Dil se Godlike (Copy)","zone-1773730231601","https://res.cloudinary.com/drxxhphoz/image/upload/v1773399148/vtuphkntyfwc8wjfithg.png","image",0.007
"3/4/2026, 7:57:27 pm","ABC","Dil se Godlike (Copy)","zone-1773301729954","https://res.cloudinary.com/drxxhphoz/image/upload/v1773399148/vtuphkntyfwc8wjfithg.png","image",0.007
"3/4/2026, 7:57:17 pm","ABC","Dil se Godlike (Copy)","zone-1773730231601","https://res.cloudinary.com/drxxhphoz/image/upload/v1773399148/vtuphkntyfwc8wjfithg.png","image",9.956
"3/4/2026, 7:57:17 pm","ABC","Dil se Godlike (Copy)","zone-1773301729954","https://res.cloudinary.com/drxxhphoz/image/upload/v1773399148/vtuphkntyfwc8wjfithg.png","image",9.955
"3/4/2026, 7:57:15 pm","ABC","Dil se Godlike (Copy)","zone-1773301722514","https://res.cloudinary.com/drxxhphoz/video/upload/v1774194775/va4svnm2gihe60shgtjg.mp4","video",12.45
"3/4/2026, 7:57:07 pm","ABC","Dil se Godlike (Copy)","zone-1773730231601","https://res.cloudinary.com/drxxhphoz/image/upload/v1773399142/dnuhdotxoncgwru7qitz.jpg","image",10.006
"3/4/2026, 7:57:07 pm","ABC","Dil se Godlike (Copy)","zone-1773301729954","https://res.cloudinary.com/drxxhphoz/image/upload/v1773399142/dnuhdotxoncgwru7qitz.jpg","image",10.006
"3/4/2026, 7:57:00 pm","ABC","Dil se Godlike (Copy)","zone-1773301722514","https://res.cloudinary.com/drxxhphoz/video/upload/v1774194776/lugb7jxrx6zeldniz6lv.mp4","video",14.955
"3/4/2026, 7:56:57 pm","ABC","Dil se Godlike (Copy)","zone-1773730231601","https://res.cloudinary.com/drxxhphoz/image/upload/v1773399142/eepeb8uu9okckyxp3gsu.jpg","image",10.007
"3/4/2026, 7:56:57 pm","ABC","Dil se Godlike (Copy)","zone-1773301729954","https://res.cloudinary.com/drxxhphoz/image/upload/v1773399142/eepeb8uu9okckyxp3gsu.jpg","image",10.006
"3/4/2026, 7:56:57 pm","ABC","Dil se Godlike (Copy)","zone-1773301722514","https://res.cloudinary.com/drxxhphoz/video/upload/v1774194775/va4svnm2gihe60shgtjg.mp4","video",2.563
"3/4/2026, 7:56:57 pm","ABC","Dil se Godlike (Copy)","zone-1773730231601","https://res.cloudinary.com/drxxhphoz/image/upload/v1773399142/eepeb8uu9okckyxp3gsu.jpg","image",0.3
"3/4/2026, 7:56:57 pm","ABC","Dil se Godlike (Copy)","zone-1773301729954","https://res.cloudinary.com/drxxhphoz/image/upload/v1773399142/eepeb8uu9okckyxp3gsu.jpg","image",0.299
"3/4/2026, 7:56:47 pm","ABC","Dil se Godlike (Copy)","zone-1773730231601","https://res.cloudinary.com/drxxhphoz/image/upload/v1773399148/vtuphkntyfwc8wjfithg.png","image",10.004
"3/4/2026, 7:56:47 pm","ABC","Dil se Godlike (Copy)","zone-1773301729954","https://res.cloudinary.com/drxxhphoz/image/upload/v1773399148/vtuphkntyfwc8wjfithg.png","image",10.004
"3/4/2026, 7:56:44 pm","ABC","Dil se Godlike (Copy)","zone-1773301722514","https://res.cloudinary.com/drxxhphoz/video/upload/v1774194775/va4svnm2gihe60shgtjg.mp4","video",13.45
"3/4/2026, 7:56:37 pm","ABC","Dil se Godlike (Copy)","zone-1773730231601","https://res.cloudinary.com/drxxhphoz/image/upload/v1773399142/dnuhdotxoncgwru7qitz.jpg","image",10
"3/4/2026, 7:56:37 pm","ABC","Dil se Godlike (Copy)","zone-1773301729954","https://res.cloudinary.com/drxxhphoz/image/upload/v1773399142/dnuhdotxoncgwru7qitz.jpg","image",9.999
"3/4/2026, 7:56:30 pm","ABC","Dil se Godlike (Copy)","zone-1773301722514","https://res.cloudinary.com/drxxhphoz/video/upload/v1774194776/lugb7jxrx6zeldniz6lv.mp4","video",14.413
"3/4/2026, 7:56:27 pm","ABC","Dil se Godlike (Copy)","zone-1773730231601","https://res.cloudinary.com/drxxhphoz/image/upload/v1773399142/eepeb8uu9okckyxp3gsu.jpg","image",10.006
"3/4/2026, 7:56:27 pm","ABC","Dil se Godlike (Copy)","zone-1773301729954","https://res.cloudinary.com/drxxhphoz/image/upload/v1773399142/eepeb8uu9okckyxp3gsu.jpg","image",10.005
"3/4/2026, 7:56:27 pm","ABC","Dil se Godlike (Copy)","zone-1773301722514","https://res.cloudinary.com/drxxhphoz/video/upload/v1774194775/va4svnm2gihe60shgtjg.mp4","video",2.454
"3/4/2026, 7:56:27 pm","ABC","Dil se Godlike (Copy)","zone-1773730231601","https://res.cloudinary.com/drxxhphoz/image/upload/v1773399148/vtuphkntyfwc8wjfithg.png","image",0.01
"3/4/2026, 7:56:27 pm","ABC","Dil se Godlike (Copy)","zone-1773301729954","https://res.cloudinary.com/drxxhphoz/image/upload/v1773399148/vtuphkntyfwc8wjfithg.png","image",0.008
"3/4/2026, 7:56:17 pm","ABC","Dil se Godlike (Copy)","zone-1773301729954","https://res.cloudinary.com/drxxhphoz/image/upload/v1773399148/vtuphkntyfwc8wjfithg.png","image",9.974
"3/4/2026, 7:56:17 pm","ABC","Dil se Godlike (Copy)","zone-1773730231601","https://res.cloudinary.com/drxxhphoz/image/upload/v1773399148/vtuphkntyfwc8wjfithg.png","image",9.974
"3/4/2026, 7:56:14 pm","ABC","Dil se Godlike (Copy)","zone-1773301722514","https://res.cloudinary.com/drxxhphoz/video/upload/v1774194775/va4svnm2gihe60shgtjg.mp4","video",13.496
"3/4/2026, 7:56:07 pm","ABC","Dil se Godlike (Copy)","zone-1773730231601","https://res.cloudinary.com/drxxhphoz/image/upload/v1773399142/dnuhdotxoncgwru7qitz.jpg","image",10.017
"3/4/2026, 7:56:07 pm","ABC","Dil se Godlike (Copy)","zone-1773301729954","https://res.cloudinary.com/drxxhphoz/image/upload/v1773399142/dnuhdotxoncgwru7qitz.jpg","image",10.017
"3/4/2026, 7:56:00 pm","ABC","Dil se Godlike (Copy)","zone-1773301722514","https://res.cloudinary.com/drxxhphoz/video/upload/v1774194776/lugb7jxrx6zeldniz6lv.mp4","video",13.321
"3/4/2026, 7:55:57 pm","ABC","Dil se Godlike (Copy)","zone-1773730231601","https://res.cloudinary.com/drxxhphoz/image/upload/v1773399142/eepeb8uu9okckyxp3gsu.jpg","image",10.013
"3/4/2026, 7:55:57 pm","ABC","Dil se Godlike (Copy)","zone-1773301729954","https://res.cloudinary.com/drxxhphoz/image/upload/v1773399142/eepeb8uu9okckyxp3gsu.jpg","image",10.013
"3/4/2026, 7:55:57 pm","ABC","Dil se Godlike (Copy)","zone-1773301729954","https://res.cloudinary.com/drxxhphoz/image/upload/v1773399148/vtuphkntyfwc8wjfithg.png","image",0.008
"3/4/2026, 7:55:57 pm","ABC","Dil se Godlike (Copy)","zone-1773730231601","https://res.cloudinary.com/drxxhphoz/image/upload/v1773399148/vtuphkntyfwc8wjfithg.png","image",0.008
"3/4/2026, 7:55:57 pm","ABC","Dil se Godlike (Copy)","zone-1773301722514","https://res.cloudinary.com/drxxhphoz/video/upload/v1774194775/va4svnm2gihe60shgtjg.mp4","video",3.198
"3/4/2026, 7:55:48 pm","ABC","Dil se Godlike (Copy)","zone-1773730231601","https://res.cloudinary.com/drxxhphoz/image/upload/v1773399148/vtuphkntyfwc8wjfithg.png","image",9.554
"3/4/2026, 7:55:48 pm","ABC","Dil se Godlike (Copy)","zone-1773301729954","https://res.cloudinary.com/drxxhphoz/image/upload/v1773399148/vtuphkntyfwc8wjfithg.png","image",9.553
"3/4/2026, 7:55:44 pm","ABC","Dil se Godlike (Copy)","zone-1773301722514","https://res.cloudinary.com/drxxhphoz/video/upload/v1774194775/va4svnm2gihe60shgtjg.mp4","video",12.8
"3/4/2026, 7:55:38 pm","ABC","Dil se Godlike (Copy)","zone-1773730231601","https://res.cloudinary.com/drxxhphoz/image/upload/v1773399142/dnuhdotxoncgwru7qitz.jpg","image",10.01
"3/4/2026, 7:55:38 pm","ABC","Dil se Godlike (Copy)","zone-1773301729954","https://res.cloudinary.com/drxxhphoz/image/upload/v1773399142/dnuhdotxoncgwru7qitz.jpg","image",10.009
"3/4/2026, 7:55:31 pm","ABC","Dil se Godlike (Copy)","zone-1773301722514","https://res.cloudinary.com/drxxhphoz/video/upload/v1774194776/lugb7jxrx6zeldniz6lv.mp4","video",13.354
"3/4/2026, 7:55:28 pm","ABC","Dil se Godlike (Copy)","zone-1773730231601","https://res.cloudinary.com/drxxhphoz/image/upload/v1773399142/eepeb8uu9okckyxp3gsu.jpg","image",10.009
"3/4/2026, 7:55:28 pm","ABC","Dil se Godlike (Copy)","zone-1773301729954","https://res.cloudinary.com/drxxhphoz/image/upload/v1773399142/eepeb8uu9okckyxp3gsu.jpg","image",10.009
"3/4/2026, 7:55:28 pm","ABC","Dil se Godlike (Copy)","zone-1773301722514","https://res.cloudinary.com/drxxhphoz/video/upload/v1774194775/va4svnm2gihe60shgtjg.mp4","video",3.419
"3/4/2026, 7:55:27 pm","ABC","Dil se Godlike (Copy)","zone-1773730231601","https://res.cloudinary.com/drxxhphoz/image/upload/v1773399142/eepeb8uu9okckyxp3gsu.jpg","image",0.298
"3/4/2026, 7:55:27 pm","ABC","Dil se Godlike (Copy)","zone-1773301729954","https://res.cloudinary.com/drxxhphoz/image/upload/v1773399142/eepeb8uu9okckyxp3gsu.jpg","image",0.297
"3/4/2026, 7:55:17 pm","ABC","Dil se Godlike (Copy)","zone-1773730231601","https://res.cloudinary.com/drxxhphoz/image/upload/v1773399148/vtuphkntyfwc8wjfithg.png","image",10.016
"3/4/2026, 7:55:17 pm","ABC","Dil se Godlike (Copy)","zone-1773301729954","https://res.cloudinary.com/drxxhphoz/image/upload/v1773399148/vtuphkntyfwc8wjfithg.png","image",10.016
"3/4/2026, 7:55:15 pm","ABC","Dil se Godlike (Copy)","zone-1773301722514","https://res.cloudinary.com/drxxhphoz/video/upload/v1774194775/va4svnm2gihe60shgtjg.mp4","video",12.516
"3/4/2026, 7:55:07 pm","ABC","Dil se Godlike (Copy)","zone-1773301729954","https://res.cloudinary.com/drxxhphoz/image/upload/v1773399142/dnuhdotxoncgwru7qitz.jpg","image",10.094
"3/4/2026, 7:55:07 pm","ABC","Dil se Godlike (Copy)","zone-1773730231601","https://res.cloudinary.com/drxxhphoz/image/upload/v1773399142/dnuhdotxoncgwru7qitz.jpg","image",10.094
"3/4/2026, 7:55:02 pm","ABC","Dil se Godlike (Copy)","zone-1773301722514","https://res.cloudinary.com/drxxhphoz/video/upload/v1774194776/lugb7jxrx6zeldniz6lv.mp4","video",13.315
"3/4/2026, 7:54:57 pm","ABC","Dil se Godlike (Copy)","zone-1773730231601","https://res.cloudinary.com/drxxhphoz/image/upload/v1773399142/eepeb8uu9okckyxp3gsu.jpg","image",10.011
"3/4/2026, 7:54:57 pm","ABC","Dil se Godlike (Copy)","zone-1773301729954","https://res.cloudinary.com/drxxhphoz/image/upload/v1773399142/eepeb8uu9okckyxp3gsu.jpg","image",10.011
"3/4/2026, 7:54:57 pm","ABC","Dil se Godlike (Copy)","zone-1773301722514","https://res.cloudinary.com/drxxhphoz/video/upload/v1774194775/va4svnm2gihe60shgtjg.mp4","video",4.591
"3/4/2026, 7:54:57 pm","ABC","Dil se Godlike (Copy)","zone-1773301729954","https://res.cloudinary.com/drxxhphoz/image/upload/v1773399148/vtuphkntyfwc8wjfithg.png","image",0.005
"3/4/2026, 7:54:57 pm","ABC","Dil se Godlike (Copy)","zone-1773730231601","https://res.cloudinary.com/drxxhphoz/image/upload/v1773399148/vtuphkntyfwc8wjfithg.png","image",0.005
"3/4/2026, 7:54:48 pm","ABC","Dil se Godlike (Copy)","zone-1773301729954","https://res.cloudinary.com/drxxhphoz/image/upload/v1773399148/vtuphkntyfwc8wjfithg.png","image",9.613
"3/4/2026, 7:54:48 pm","ABC","Dil se Godlike (Copy)","zone-1773730231601","https://res.cloudinary.com/drxxhphoz/image/upload/v1773399148/vtuphkntyfwc8wjfithg.png","image",9.613
"3/4/2026, 7:54:46 pm","ABC","Dil se Godlike (Copy)","zone-1773301722514","https://res.cloudinary.com/drxxhphoz/video/upload/v1774194775/va4svnm2gihe60shgtjg.mp4","video",11.359
"3/4/2026, 7:54:38 pm","ABC","Dil se Godlike (Copy)","zone-1773301729954","https://res.cloudinary.com/drxxhphoz/image/upload/v1773399142/dnuhdotxoncgwru7qitz.jpg","image",10.002
"3/4/2026, 7:54:38 pm","ABC","Dil se Godlike (Copy)","zone-1773730231601","https://res.cloudinary.com/drxxhphoz/image/upload/v1773399142/dnuhdotxoncgwru7qitz.jpg","image",10.002
"3/4/2026, 7:54:32 pm","ABC","Dil se Godlike (Copy)","zone-1773301722514","https://res.cloudinary.com/drxxhphoz/video/upload/v1774194776/lugb7jxrx6zeldniz6lv.mp4","video",13.389
"3/4/2026, 7:54:28 pm","ABC","Dil se Godlike (Copy)","zone-1773730231601","https://res.cloudinary.com/drxxhphoz/image/upload/v1773399142/eepeb8uu9okckyxp3gsu.jpg","image",10.015
"3/4/2026, 7:54:28 pm","ABC","Dil se Godlike (Copy)","zone-1773301729954","https://res.cloudinary.com/drxxhphoz/image/upload/v1773399142/eepeb8uu9okckyxp3gsu.jpg","image",10.014
"3/4/2026, 7:54:28 pm","ABC","Dil se Godlike (Copy)","zone-1773301722514","https://res.cloudinary.com/drxxhphoz/video/upload/v1774194775/va4svnm2gihe60shgtjg.mp4","video",4.884
"3/4/2026, 7:54:27 pm","ABC","Dil se Godlike (Copy)","zone-1773301729954","https://res.cloudinary.com/drxxhphoz/image/upload/v1773399142/eepeb8uu9okckyxp3gsu.jpg","image",0.379
"3/4/2026, 7:54:27 pm","ABC","Dil se Godlike (Copy)","zone-1773730231601","https://res.cloudinary.com/drxxhphoz/image/upload/v1773399142/eepeb8uu9okckyxp3gsu.jpg","image",0.38
"3/4/2026, 7:54:17 pm","ABC","Dil se Godlike (Copy)","zone-1773730231601","https://res.cloudinary.com/drxxhphoz/image/upload/v1773399148/vtuphkntyfwc8wjfithg.png","image",10.024
"3/4/2026, 7:54:17 pm","ABC","Dil se Godlike (Copy)","zone-1773301729954","https://res.cloudinary.com/drxxhphoz/image/upload/v1773399148/vtuphkntyfwc8wjfithg.png","image",10.024
"3/4/2026, 7:54:16 pm","ABC","Dil se Godlike (Copy)","zone-1773301722514","https://res.cloudinary.com/drxxhphoz/video/upload/v1774194775/va4svnm2gihe60shgtjg.mp4","video",11.07
"3/4/2026, 7:54:07 pm","ABC","Dil se Godlike (Copy)","zone-1773730231601","https://res.cloudinary.com/drxxhphoz/image/upload/v1773399142/dnuhdotxoncgwru7qitz.jpg","image",10.006
"3/4/2026, 7:54:07 pm","ABC","Dil se Godlike (Copy)","zone-1773301729954","https://res.cloudinary.com/drxxhphoz/image/upload/v1773399142/dnuhdotxoncgwru7qitz.jpg","image",10.006
"3/4/2026, 7:54:03 pm","ABC","Dil se Godlike (Copy)","zone-1773301722514","https://res.cloudinary.com/drxxhphoz/video/upload/v1774194776/lugb7jxrx6zeldniz6lv.mp4","video",13.387
"3/4/2026, 7:53:57 pm","ABC","Dil se Godlike (Copy)","zone-1773301729954","https://res.cloudinary.com/drxxhphoz/image/upload/v1773399142/eepeb8uu9okckyxp3gsu.jpg","image",10.002
"3/4/2026, 7:53:57 pm","ABC","Dil se Godlike (Copy)","zone-1773730231601","https://res.cloudinary.com/drxxhphoz/image/upload/v1773399142/eepeb8uu9okckyxp3gsu.jpg","image",10.004
"3/4/2026, 7:53:57 pm","ABC","Dil se Godlike (Copy)","zone-1773301722514","https://res.cloudinary.com/drxxhphoz/video/upload/v1774194775/va4svnm2gihe60shgtjg.mp4","video",5.959
"3/4/2026, 7:53:57 pm","ABC","Dil se Godlike (Copy)","zone-1773301729954","https://res.cloudinary.com/drxxhphoz/image/upload/v1773399148/vtuphkntyfwc8wjfithg.png","image",0.001
"3/4/2026, 7:53:57 pm","ABC","Dil se Godlike (Copy)","zone-1773730231601","https://res.cloudinary.com/drxxhphoz/image/upload/v1773399148/vtuphkntyfwc8wjfithg.png","image",0.002
"3/4/2026, 7:53:47 pm","ABC","Dil se Godlike (Copy)","zone-1773301722514","https://res.cloudinary.com/drxxhphoz/video/upload/v1774194775/va4svnm2gihe60shgtjg.mp4","video",9.968
"3/4/2026, 7:53:47 pm","ABC","Dil se Godlike (Copy)","zone-1773730231601","https://res.cloudinary.com/drxxhphoz/image/upload/v1773399148/vtuphkntyfwc8wjfithg.png","image",9.988
"3/4/2026, 7:53:47 pm","ABC","Dil se Godlike (Copy)","zone-1773301729954","https://res.cloudinary.com/drxxhphoz/image/upload/v1773399148/vtuphkntyfwc8wjfithg.png","image",9.988
"3/4/2026, 7:53:37 pm","ABC","Dil se Godlike (Copy)","zone-1773301729954","https://res.cloudinary.com/drxxhphoz/image/upload/v1773399142/dnuhdotxoncgwru7qitz.jpg","image",9.996
"3/4/2026, 7:53:37 pm","ABC","Dil se Godlike (Copy)","zone-1773730231601","https://res.cloudinary.com/drxxhphoz/image/upload/v1773399142/dnuhdotxoncgwru7qitz.jpg","image",9.997
"3/4/2026, 7:53:34 pm","ABC","Dil se Godlike (Copy)","zone-1773301722514","https://res.cloudinary.com/drxxhphoz/video/upload/v1774194776/lugb7jxrx6zeldniz6lv.mp4","video",13.34
"3/4/2026, 7:53:27 pm","ABC","Dil se Godlike (Copy)","zone-1773730231601","https://res.cloudinary.com/drxxhphoz/image/upload/v1773399142/eepeb8uu9okckyxp3gsu.jpg","image",10.014
"3/4/2026, 7:53:27 pm","ABC","Dil se Godlike (Copy)","zone-1773301729954","https://res.cloudinary.com/drxxhphoz/image/upload/v1773399142/eepeb8uu9okckyxp3gsu.jpg","image",10.014
"3/4/2026, 7:53:27 pm","ABC","Dil se Godlike (Copy)","zone-1773301722514","https://res.cloudinary.com/drxxhphoz/video/upload/v1774194775/va4svnm2gihe60shgtjg.mp4","video",6.693
"3/4/2026, 7:53:27 pm","ABC","Dil se Godlike (Copy)","zone-1773730231601","https://res.cloudinary.com/drxxhphoz/image/upload/v1773399148/vtuphkntyfwc8wjfithg.png","image",0.002
"3/4/2026, 7:53:27 pm","ABC","Dil se Godlike (Copy)","zone-1773301729954","https://res.cloudinary.com/drxxhphoz/image/upload/v1773399148/vtuphkntyfwc8wjfithg.png","image",0.001
"3/4/2026, 7:53:18 pm","ABC","Dil se Godlike (Copy)","zone-1773301722514","https://res.cloudinary.com/drxxhphoz/video/upload/v1774194775/va4svnm2gihe60shgtjg.mp4","video",9.351
"3/4/2026, 7:53:17 pm","ABC","Dil se Godlike (Copy)","zone-1773730231601","https://res.cloudinary.com/drxxhphoz/image/upload/v1773399148/vtuphkntyfwc8wjfithg.png","image",9.9
"3/4/2026, 7:53:17 pm","ABC","Dil se Godlike (Copy)","zone-1773301729954","https://res.cloudinary.com/drxxhphoz/image/upload/v1773399148/vtuphkntyfwc8wjfithg.png","image",9.901
"3/4/2026, 7:53:07 pm","ABC","Dil se Godlike (Copy)","zone-1773730231601","https://res.cloudinary.com/drxxhphoz/image/upload/v1773399142/dnuhdotxoncgwru7qitz.jpg","image",10.008
"3/4/2026, 7:53:07 pm","ABC","Dil se Godlike (Copy)","zone-1773301729954","https://res.cloudinary.com/drxxhphoz/image/upload/v1773399142/dnuhdotxoncgwru7qitz.jpg","image",10.008
"3/4/2026, 7:53:04 pm","ABC","Dil se Godlike (Copy)","zone-1773301722514","https://res.cloudinary.com/drxxhphoz/video/upload/v1774194776/lugb7jxrx6zeldniz6lv.mp4","video",13.341
"3/4/2026, 7:52:57 pm","ABC","Dil se Godlike (Copy)","zone-1773730231601","https://res.cloudinary.com/drxxhphoz/image/upload/v1773399142/eepeb8uu9okckyxp3gsu.jpg","image",10.012
"3/4/2026, 7:52:57 pm","ABC","Dil se Godlike (Copy)","zone-1773301729954","https://res.cloudinary.com/drxxhphoz/image/upload/v1773399142/eepeb8uu9okckyxp3gsu.jpg","image",10.011
"3/4/2026, 7:52:57 pm","ABC","Dil se Godlike (Copy)","zone-1773730231601","https://res.cloudinary.com/drxxhphoz/image/upload/v1773399148/vtuphkntyfwc8wjfithg.png","image",0.004
"3/4/2026, 7:52:57 pm","ABC","Dil se Godlike (Copy)","zone-1773301729954","https://res.cloudinary.com/drxxhphoz/image/upload/v1773399148/vtuphkntyfwc8wjfithg.png","image",0.004
"3/4/2026, 7:52:57 pm","ABC","Dil se Godlike (Copy)","zone-1773301722514","https://res.cloudinary.com/drxxhphoz/video/upload/v1774194775/va4svnm2gihe60shgtjg.mp4","video",7.233
"3/4/2026, 7:52:48 pm","ABC","Dil se Godlike (Copy)","zone-1773301722514","https://res.cloudinary.com/drxxhphoz/video/upload/v1774194775/va4svnm2gihe60shgtjg.mp4","video",8.778
"3/4/2026, 7:52:47 pm","ABC","Dil se Godlike (Copy)","zone-1773730231601","https://res.cloudinary.com/drxxhphoz/image/upload/v1773399148/vtuphkntyfwc8wjfithg.png","image",9.872
"3/4/2026, 7:52:47 pm","ABC","Dil se Godlike (Copy)","zone-1773301729954","https://res.cloudinary.com/drxxhphoz/image/upload/v1773399148/vtuphkntyfwc8wjfithg.png","image",9.872
"3/4/2026, 7:52:37 pm","ABC","Dil se Godlike (Copy)","zone-1773730231601","https://res.cloudinary.com/drxxhphoz/image/upload/v1773399142/dnuhdotxoncgwru7qitz.jpg","image",10.005
"3/4/2026, 7:52:37 pm","ABC","Dil se Godlike (Copy)","zone-1773301729954","https://res.cloudinary.com/drxxhphoz/image/upload/v1773399142/dnuhdotxoncgwru7qitz.jpg","image",10.005
"3/4/2026, 7:52:35 pm","ABC","Dil se Godlike (Copy)","zone-1773301722514","https://res.cloudinary.com/drxxhphoz/video/upload/v1774194776/lugb7jxrx6zeldniz6lv.mp4","video",13.336
"3/4/2026, 7:52:27 pm","ABC","Dil se Godlike (Copy)","zone-1773730231601","https://res.cloudinary.com/drxxhphoz/image/upload/v1773399142/eepeb8uu9okckyxp3gsu.jpg","image",10.014
"3/4/2026, 7:52:27 pm","ABC","Dil se Godlike (Copy)","zone-1773301729954","https://res.cloudinary.com/drxxhphoz/image/upload/v1773399142/eepeb8uu9okckyxp3gsu.jpg","image",10.014
"3/4/2026, 7:52:27 pm","ABC","Dil se Godlike (Copy)","zone-1773301722514","https://res.cloudinary.com/drxxhphoz/video/upload/v1774194775/va4svnm2gihe60shgtjg.mp4","video",7.777
"3/4/2026, 7:52:27 pm","ABC","Dil se Godlike (Copy)","zone-1773301729954","https://res.cloudinary.com/drxxhphoz/image/upload/v1773399142/eepeb8uu9okckyxp3gsu.jpg","image",0.123
"3/4/2026, 7:52:27 pm","ABC","Dil se Godlike (Copy)","zone-1773730231601","https://res.cloudinary.com/drxxhphoz/image/upload/v1773399142/eepeb8uu9okckyxp3gsu.jpg","image",0.124
"3/4/2026, 7:52:19 pm","ABC","Dil se Godlike (Copy)","zone-1773301722514","https://res.cloudinary.com/drxxhphoz/video/upload/v1774194775/va4svnm2gihe60shgtjg.mp4","video",8.716
"3/4/2026, 7:52:17 pm","ABC","Dil se Godlike (Copy)","zone-1773730231601","https://res.cloudinary.com/drxxhphoz/image/upload/v1773399148/vtuphkntyfwc8wjfithg.png","image",10.011
"3/4/2026, 7:52:17 pm","ABC","Dil se Godlike (Copy)","zone-1773301729954","https://res.cloudinary.com/drxxhphoz/image/upload/v1773399148/vtuphkntyfwc8wjfithg.png","image",10.01
"3/4/2026, 7:52:07 pm","ABC","Dil se Godlike (Copy)","zone-1773730231601","https://res.cloudinary.com/drxxhphoz/image/upload/v1773399142/dnuhdotxoncgwru7qitz.jpg","image",10.024
"3/4/2026, 7:52:07 pm","ABC","Dil se Godlike (Copy)","zone-1773301729954","https://res.cloudinary.com/drxxhphoz/image/upload/v1773399142/dnuhdotxoncgwru7qitz.jpg","image",10.021
"3/4/2026, 7:52:05 pm","ABC","Dil se Godlike (Copy)","zone-1773301722514","https://res.cloudinary.com/drxxhphoz/video/upload/v1774194776/lugb7jxrx6zeldniz6lv.mp4","video",13.359
"3/4/2026, 7:51:57 pm","ABC","Dil se Godlike (Copy)","zone-1773301729954","https://res.cloudinary.com/drxxhphoz/image/upload/v1773399142/eepeb8uu9okckyxp3gsu.jpg","image",10.011
"3/4/2026, 7:51:57 pm","ABC","Dil se Godlike (Copy)","zone-1773730231601","https://res.cloudinary.com/drxxhphoz/image/upload/v1773399142/eepeb8uu9okckyxp3gsu.jpg","image",10.012
"3/4/2026, 7:51:57 pm","ABC","Dil se Godlike (Copy)","zone-1773730231601","https://res.cloudinary.com/drxxhphoz/image/upload/v1773399148/vtuphkntyfwc8wjfithg.png","image",0.007
"3/4/2026, 7:51:57 pm","ABC","Dil se Godlike (Copy)","zone-1773301729954","https://res.cloudinary.com/drxxhphoz/image/upload/v1773399148/vtuphkntyfwc8wjfithg.png","image",0.007
"3/4/2026, 7:51:57 pm","ABC","Dil se Godlike (Copy)","zone-1773301722514","https://res.cloudinary.com/drxxhphoz/video/upload/v1774194775/va4svnm2gihe60shgtjg.mp4","video",8.102
"3/4/2026, 7:51:49 pm","ABC","Dil se Godlike (Copy)","zone-1773301722514","https://res.cloudinary.com/drxxhphoz/video/upload/v1774194775/va4svnm2gihe60shgtjg.mp4","video",7.852
"3/4/2026, 7:51:47 pm","ABC","Dil se Godlike (Copy)","zone-1773730231601","https://res.cloudinary.com/drxxhphoz/image/upload/v1773399148/vtuphkntyfwc8wjfithg.png","image",9.885
"3/4/2026, 7:51:47 pm","ABC","Dil se Godlike (Copy)","zone-1773301729954","https://res.cloudinary.com/drxxhphoz/image/upload/v1773399148/vtuphkntyfwc8wjfithg.png","image",9.884
"3/4/2026, 7:51:37 pm","ABC","Dil se Godlike (Copy)","zone-1773730231601","https://res.cloudinary.com/drxxhphoz/image/upload/v1773399142/dnuhdotxoncgwru7qitz.jpg","image",10.008
"3/4/2026, 7:51:37 pm","ABC","Dil se Godlike (Copy)","zone-1773301729954","https://res.cloudinary.com/drxxhphoz/image/upload/v1773399142/dnuhdotxoncgwru7qitz.jpg","image",10.007
"3/4/2026, 7:51:36 pm","ABC","Dil se Godlike (Copy)","zone-1773301722514","https://res.cloudinary.com/drxxhphoz/video/upload/v1774194776/lugb7jxrx6zeldniz6lv.mp4","video",13.4
"3/4/2026, 7:51:27 pm","ABC","Dil se Godlike (Copy)","zone-1773730231601","https://res.cloudinary.com/drxxhphoz/image/upload/v1773399142/eepeb8uu9okckyxp3gsu.jpg","image",10.014
"3/4/2026, 7:51:27 pm","ABC","Dil se Godlike (Copy)","zone-1773301729954","https://res.cloudinary.com/drxxhphoz/image/upload/v1773399142/eepeb8uu9okckyxp3gsu.jpg","image",10.014
"3/4/2026, 7:51:27 pm","ABC","Dil se Godlike (Copy)","zone-1773301722514","https://res.cloudinary.com/drxxhphoz/video/upload/v1774194775/va4svnm2gihe60shgtjg.mp4","video",8.658
"3/4/2026, 7:51:27 pm","ABC","Dil se Godlike (Copy)","zone-1773301729954","https://res.cloudinary.com/drxxhphoz/image/upload/v1773399148/vtuphkntyfwc8wjfithg.png","image",0.005
"3/4/2026, 7:51:27 pm","ABC","Dil se Godlike (Copy)","zone-1773730231601","https://res.cloudinary.com/drxxhphoz/image/upload/v1773399148/vtuphkntyfwc8wjfithg.png","image",0.006
"3/4/2026, 7:51:18 pm","ABC","Dil se Godlike (Copy)","zone-1773301722514","https://res.cloudinary.com/drxxhphoz/video/upload/v1774194775/va4svnm2gihe60shgtjg.mp4","video",8.96
"3/4/2026, 7:51:17 pm","ABC","Dil se Godlike (Copy)","zone-1773730231601","https://res.cloudinary.com/drxxhphoz/image/upload/v1773399148/vtuphkntyfwc8wjfithg.png","image",9.93
"3/4/2026, 7:51:17 pm","ABC","Dil se Godlike (Copy)","zone-1773301729954","https://res.cloudinary.com/drxxhphoz/image/upload/v1773399148/vtuphkntyfwc8wjfithg.png","image",9.93
"3/4/2026, 7:51:07 pm","ABC","Dil se Godlike (Copy)","zone-1773730231601","https://res.cloudinary.com/drxxhphoz/image/upload/v1773399142/dnuhdotxoncgwru7qitz.jpg","image",10.003
"3/4/2026, 7:51:07 pm","ABC","Dil se Godlike (Copy)","zone-1773301729954","https://res.cloudinary.com/drxxhphoz/image/upload/v1773399142/dnuhdotxoncgwru7qitz.jpg","image",10.002
"3/4/2026, 7:51:05 pm","ABC","Dil se Godlike (Copy)","zone-1773301722514","https://res.cloudinary.com/drxxhphoz/video/upload/v1774194776/lugb7jxrx6zeldniz6lv.mp4","video",13.443
"3/4/2026, 7:50:57 pm","ABC","Dil se Godlike (Copy)","zone-1773730231601","https://res.cloudinary.com/drxxhphoz/image/upload/v1773399142/eepeb8uu9okckyxp3gsu.jpg","image",10.006
"3/4/2026, 7:50:57 pm","ABC","Dil se Godlike (Copy)","zone-1773301729954","https://res.cloudinary.com/drxxhphoz/image/upload/v1773399142/eepeb8uu9okckyxp3gsu.jpg","image",10.006
"3/4/2026, 7:50:57 pm","ABC","Dil se Godlike (Copy)","zone-1773730231601","https://res.cloudinary.com/drxxhphoz/image/upload/v1773399148/vtuphkntyfwc8wjfithg.png","image",0.002
"3/4/2026, 7:50:57 pm","ABC","Dil se Godlike (Copy)","zone-1773301729954","https://res.cloudinary.com/drxxhphoz/image/upload/v1773399148/vtuphkntyfwc8wjfithg.png","image",0.002
"3/4/2026, 7:50:57 pm","ABC","Dil se Godlike (Copy)","zone-1773301722514","https://res.cloudinary.com/drxxhphoz/video/upload/v1774194775/va4svnm2gihe60shgtjg.mp4","video",7.539
"3/4/2026, 7:50:49 pm","ABC","Dil se Godlike (Copy)","zone-1773301722514","https://res.cloudinary.com/drxxhphoz/video/upload/v1774194775/va4svnm2gihe60shgtjg.mp4","video",8.413
"3/4/2026, 7:50:48 pm","ABC","Dil se Godlike (Copy)","zone-1773301729954","https://res.cloudinary.com/drxxhphoz/image/upload/v1773399148/vtuphkntyfwc8wjfithg.png","image",9.683
"3/4/2026, 7:50:48 pm","ABC","Dil se Godlike (Copy)","zone-1773730231601","https://res.cloudinary.com/drxxhphoz/image/upload/v1773399148/vtuphkntyfwc8wjfithg.png","image",9.684
"3/4/2026, 7:50:38 pm","ABC","Dil se Godlike (Copy)","zone-1773301729954","https://res.cloudinary.com/drxxhphoz/image/upload/v1773399142/dnuhdotxoncgwru7qitz.jpg","image",10.001
"3/4/2026, 7:50:38 pm","ABC","Dil se Godlike (Copy)","zone-1773730231601","https://res.cloudinary.com/drxxhphoz/image/upload/v1773399142/dnuhdotxoncgwru7qitz.jpg","image",10.002
"3/4/2026, 7:50:35 pm","ABC","Dil se Godlike (Copy)","zone-1773301722514","https://res.cloudinary.com/drxxhphoz/video/upload/v1774194776/lugb7jxrx6zeldniz6lv.mp4","video",13.319
"3/4/2026, 7:50:28 pm","ABC","Dil se Godlike (Copy)","zone-1773730231601","https://res.cloudinary.com/drxxhphoz/image/upload/v1773399142/eepeb8uu9okckyxp3gsu.jpg","image",10.016
"3/4/2026, 7:50:28 pm","ABC","Dil se Godlike (Copy)","zone-1773301729954","https://res.cloudinary.com/drxxhphoz/image/upload/v1773399142/eepeb8uu9okckyxp3gsu.jpg","image",10.015
"3/4/2026, 7:50:28 pm","ABC","Dil se Godlike (Copy)","zone-1773730231601","https://res.cloudinary.com/drxxhphoz/image/upload/v1773399148/vtuphkntyfwc8wjfithg.png","image",0.006
"3/4/2026, 7:50:28 pm","ABC","Dil se Godlike (Copy)","zone-1773301729954","https://res.cloudinary.com/drxxhphoz/image/upload/v1773399148/vtuphkntyfwc8wjfithg.png","image",0.005
"3/4/2026, 7:50:28 pm","ABC","Dil se Godlike (Copy)","zone-1773301722514","https://res.cloudinary.com/drxxhphoz/video/upload/v1774194775/va4svnm2gihe60shgtjg.mp4","video",7.973
"3/4/2026, 7:50:19 pm","ABC","Dil se Godlike (Copy)","zone-1773301722514","https://res.cloudinary.com/drxxhphoz/video/upload/v1774194775/va4svnm2gihe60shgtjg.mp4","video",8.051
"3/4/2026, 7:50:18 pm","ABC","Dil se Godlike (Copy)","zone-1773730231601","https://res.cloudinary.com/drxxhphoz/image/upload/v1773399148/vtuphkntyfwc8wjfithg.png","image",9.428
"3/4/2026, 7:50:18 pm","ABC","Dil se Godlike (Copy)","zone-1773301729954","https://res.cloudinary.com/drxxhphoz/image/upload/v1773399148/vtuphkntyfwc8wjfithg.png","image",9.428
"3/4/2026, 7:50:08 pm","ABC","Dil se Godlike (Copy)","zone-1773730231601","https://res.cloudinary.com/drxxhphoz/image/upload/v1773399142/dnuhdotxoncgwru7qitz.jpg","image",10.009
"3/4/2026, 7:50:08 pm","ABC","Dil se Godlike (Copy)","zone-1773301729954","https://res.cloudinary.com/drxxhphoz/image/upload/v1773399142/dnuhdotxoncgwru7qitz.jpg","image",10.009
"3/4/2026, 7:50:06 pm","ABC","Dil se Godlike (Copy)","zone-1773301722514","https://res.cloudinary.com/drxxhphoz/video/upload/v1774194776/lugb7jxrx6zeldniz6lv.mp4","video",13.33
"3/4/2026, 7:49:58 pm","ABC","Dil se Godlike (Copy)","zone-1773730231601","https://res.cloudinary.com/drxxhphoz/image/upload/v1773399142/eepeb8uu9okckyxp3gsu.jpg","image",10.011
"3/4/2026, 7:49:58 pm","ABC","Dil se Godlike (Copy)","zone-1773301729954","https://res.cloudinary.com/drxxhphoz/image/upload/v1773399142/eepeb8uu9okckyxp3gsu.jpg","image",10.011
"3/4/2026, 7:49:58 pm","ABC","Dil se Godlike (Copy)","zone-1773730231601","https://res.cloudinary.com/drxxhphoz/image/upload/v1773399148/vtuphkntyfwc8wjfithg.png","image",0.002
"3/4/2026, 7:49:58 pm","ABC","Dil se Godlike (Copy)","zone-1773301729954","https://res.cloudinary.com/drxxhphoz/image/upload/v1773399148/vtuphkntyfwc8wjfithg.png","image",0.001
"3/4/2026, 7:49:58 pm","ABC","Dil se Godlike (Copy)","zone-1773301722514","https://res.cloudinary.com/drxxhphoz/video/upload/v1774194775/va4svnm2gihe60shgtjg.mp4","video",8.069
"3/4/2026, 7:49:50 pm","ABC","Dil se Godlike (Copy)","zone-1773301722514","https://res.cloudinary.com/drxxhphoz/video/upload/v1774194775/va4svnm2gihe60shgtjg.mp4","video",7.915
"3/4/2026, 7:49:50 pm","ABC","Dil se Godlike (Copy)","zone-1773730231601","https://res.cloudinary.com/drxxhphoz/image/upload/v1773399148/vtuphkntyfwc8wjfithg.png","image",8.336
"3/4/2026, 7:49:50 pm","ABC","Dil se Godlike (Copy)","zone-1773301729954","https://res.cloudinary.com/drxxhphoz/image/upload/v1773399148/vtuphkntyfwc8wjfithg.png","image",8.336
"3/4/2026, 7:49:40 pm","ABC","Dil se Godlike (Copy)","zone-1773730231601","https://res.cloudinary.com/drxxhphoz/image/upload/v1773399142/dnuhdotxoncgwru7qitz.jpg","image",9.997
"3/4/2026, 7:49:40 pm","ABC","Dil se Godlike (Copy)","zone-1773301729954","https://res.cloudinary.com/drxxhphoz/image/upload/v1773399142/dnuhdotxoncgwru7qitz.jpg","image",9.997
"3/4/2026, 7:49:37 pm","ABC","Dil se Godlike (Copy)","zone-1773301722514","https://res.cloudinary.com/drxxhphoz/video/upload/v1774194776/lugb7jxrx6zeldniz6lv.mp4","video",13.351
"3/4/2026, 7:49:30 pm","ABC","Dil se Godlike (Copy)","zone-1773730231601","https://res.cloudinary.com/drxxhphoz/image/upload/v1773399142/eepeb8uu9okckyxp3gsu.jpg","image",10.017
"3/4/2026, 7:49:30 pm","ABC","Dil se Godlike (Copy)","zone-1773301729954","https://res.cloudinary.com/drxxhphoz/image/upload/v1773399142/eepeb8uu9okckyxp3gsu.jpg","image",10.016
"3/4/2026, 7:49:30 pm","ABC","Dil se Godlike (Copy)","zone-1773301722514","https://res.cloudinary.com/drxxhphoz/video/upload/v1774194775/va4svnm2gihe60shgtjg.mp4","video",7.084
"3/4/2026, 7:49:27 pm","ABC","Dil se Godlike (Copy)","zone-1773730231601","https://res.cloudinary.com/drxxhphoz/image/upload/v1773399142/eepeb8uu9okckyxp3gsu.jpg","image",2.616
"3/4/2026, 7:49:27 pm","ABC","Dil se Godlike (Copy)","zone-1773301729954","https://res.cloudinary.com/drxxhphoz/image/upload/v1773399142/eepeb8uu9okckyxp3gsu.jpg","image",2.616
"3/4/2026, 7:49:21 pm","ABC","Dil se Godlike (Copy)","zone-1773301722514","https://res.cloudinary.com/drxxhphoz/video/upload/v1774194775/va4svnm2gihe60shgtjg.mp4","video",8.888
"3/4/2026, 7:49:17 pm","ABC","Dil se Godlike (Copy)","zone-1773730231601","https://res.cloudinary.com/drxxhphoz/image/upload/v1773399148/vtuphkntyfwc8wjfithg.png","image",10.002
"3/4/2026, 7:49:17 pm","ABC","Dil se Godlike (Copy)","zone-1773301729954","https://res.cloudinary.com/drxxhphoz/image/upload/v1773399148/vtuphkntyfwc8wjfithg.png","image",10.002
"3/4/2026, 7:49:07 pm","ABC","Dil se Godlike (Copy)","zone-1773301722514","https://res.cloudinary.com/drxxhphoz/video/upload/v1774194776/lugb7jxrx6zeldniz6lv.mp4","video",13.385
"3/4/2026, 7:49:07 pm","ABC","Dil se Godlike (Copy)","zone-1773301729954","https://res.cloudinary.com/drxxhphoz/image/upload/v1773399142/dnuhdotxoncgwru7qitz.jpg","image",10.013
"3/4/2026, 7:49:07 pm","ABC","Dil se Godlike (Copy)","zone-1773730231601","https://res.cloudinary.com/drxxhphoz/image/upload/v1773399142/dnuhdotxoncgwru7qitz.jpg","image",10.013
"3/4/2026, 7:48:57 pm","ABC","Dil se Godlike (Copy)","zone-1773730231601","https://res.cloudinary.com/drxxhphoz/image/upload/v1773399142/eepeb8uu9okckyxp3gsu.jpg","image",10.01
"3/4/2026, 7:48:57 pm","ABC","Dil se Godlike (Copy)","zone-1773301729954","https://res.cloudinary.com/drxxhphoz/image/upload/v1773399142/eepeb8uu9okckyxp3gsu.jpg","image",10.009
"3/4/2026, 7:48:57 pm","ABC","Dil se Godlike (Copy)","zone-1773301729954","https://res.cloudinary.com/drxxhphoz/image/upload/v1773399148/vtuphkntyfwc8wjfithg.png","image",0
"3/4/2026, 7:48:57 pm","ABC","Dil se Godlike (Copy)","zone-1773730231601","https://res.cloudinary.com/drxxhphoz/image/upload/v1773399148/vtuphkntyfwc8wjfithg.png","image",0.001
"3/4/2026, 7:48:57 pm","ABC","Dil se Godlike (Copy)","zone-1773301722514","https://res.cloudinary.com/drxxhphoz/video/upload/v1774194775/va4svnm2gihe60shgtjg.mp4","video",10.369
"3/4/2026, 7:48:51 pm","ABC","Dil se Godlike (Copy)","zone-1773301722514","https://res.cloudinary.com/drxxhphoz/video/upload/v1774194775/va4svnm2gihe60shgtjg.mp4","video",5.574
"3/4/2026, 7:48:47 pm","ABC","Dil se Godlike (Copy)","zone-1773730231601","https://res.cloudinary.com/drxxhphoz/image/upload/v1773399148/vtuphkntyfwc8wjfithg.png","image",9.837
"3/4/2026, 7:48:47 pm","ABC","Dil se Godlike (Copy)","zone-1773301729954","https://res.cloudinary.com/drxxhphoz/image/upload/v1773399148/vtuphkntyfwc8wjfithg.png","image",9.836
"3/4/2026, 7:48:38 pm","ABC","Dil se Godlike (Copy)","zone-1773301722514","https://res.cloudinary.com/drxxhphoz/video/upload/v1774194776/lugb7jxrx6zeldniz6lv.mp4","video",13.318
"3/4/2026, 7:48:37 pm","ABC","Dil se Godlike (Copy)","zone-1773730231601","https://res.cloudinary.com/drxxhphoz/image/upload/v1773399142/dnuhdotxoncgwru7qitz.jpg","image",10.009
"3/4/2026, 7:48:37 pm","ABC","Dil se Godlike (Copy)","zone-1773301729954","https://res.cloudinary.com/drxxhphoz/image/upload/v1773399142/dnuhdotxoncgwru7qitz.jpg","image",10.008
"3/4/2026, 7:48:27 pm","ABC","Dil se Godlike (Copy)","zone-1773730231601","https://res.cloudinary.com/drxxhphoz/image/upload/v1773399142/eepeb8uu9okckyxp3gsu.jpg","image",10.016
"3/4/2026, 7:48:27 pm","ABC","Dil se Godlike (Copy)","zone-1773301729954","https://res.cloudinary.com/drxxhphoz/image/upload/v1773399142/eepeb8uu9okckyxp3gsu.jpg","image",10.015
"3/4/2026, 7:48:27 pm","ABC","Dil se Godlike (Copy)","zone-1773301722514","https://res.cloudinary.com/drxxhphoz/video/upload/v1774194775/va4svnm2gihe60shgtjg.mp4","video",10.97
"3/4/2026, 7:48:27 pm","ABC","Dil se Godlike (Copy)","zone-1773730231601","https://res.cloudinary.com/drxxhphoz/image/upload/v1773399148/vtuphkntyfwc8wjfithg.png","image",0.001
"3/4/2026, 7:48:27 pm","ABC","Dil se Godlike (Copy)","zone-1773301729954","https://res.cloudinary.com/drxxhphoz/image/upload/v1773399148/vtuphkntyfwc8wjfithg.png","image",0
"3/4/2026, 7:48:22 pm","ABC","Dil se Godlike (Copy)","zone-1773301722514","https://res.cloudinary.com/drxxhphoz/video/upload/v1774194775/va4svnm2gihe60shgtjg.mp4","video",5.078
"3/4/2026, 7:48:17 pm","ABC","Dil se Godlike (Copy)","zone-1773730231601","https://res.cloudinary.com/drxxhphoz/image/upload/v1773399148/vtuphkntyfwc8wjfithg.png","image",9.971
"3/4/2026, 7:48:17 pm","ABC","Dil se Godlike (Copy)","zone-1773301729954","https://res.cloudinary.com/drxxhphoz/image/upload/v1773399148/vtuphkntyfwc8wjfithg.png","image",9.972
"3/4/2026, 7:48:09 pm","ABC","Dil se Godlike (Copy)","zone-1773301722514","https://res.cloudinary.com/drxxhphoz/video/upload/v1774194776/lugb7jxrx6zeldniz6lv.mp4","video",13.346
"3/4/2026, 7:48:07 pm","ABC","Dil se Godlike (Copy)","zone-1773301729954","https://res.cloudinary.com/drxxhphoz/image/upload/v1773399142/dnuhdotxoncgwru7qitz.jpg","image",10.01
"3/4/2026, 7:48:07 pm","ABC","Dil se Godlike (Copy)","zone-1773730231601","https://res.cloudinary.com/drxxhphoz/image/upload/v1773399142/dnuhdotxoncgwru7qitz.jpg","image",10.011
"3/4/2026, 7:47:57 pm","ABC","Dil se Godlike (Copy)","zone-1773301729954","https://res.cloudinary.com/drxxhphoz/image/upload/v1773399142/eepeb8uu9okckyxp3gsu.jpg","image",10.004
"3/4/2026, 7:47:57 pm","ABC","Dil se Godlike (Copy)","zone-1773730231601","https://res.cloudinary.com/drxxhphoz/image/upload/v1773399142/eepeb8uu9okckyxp3gsu.jpg","image",10.004
"3/4/2026, 7:47:57 pm","ABC","Dil se Godlike (Copy)","zone-1773301722514","https://res.cloudinary.com/drxxhphoz/video/upload/v1774194775/va4svnm2gihe60shgtjg.mp4","video",11.569
"3/4/2026, 7:47:57 pm","ABC","Dil se Godlike (Copy)","zone-1773730231601","https://res.cloudinary.com/drxxhphoz/image/upload/v1773399148/vtuphkntyfwc8wjfithg.png","image",0.005
"3/4/2026, 7:47:57 pm","ABC","Dil se Godlike (Copy)","zone-1773301729954","https://res.cloudinary.com/drxxhphoz/image/upload/v1773399148/vtuphkntyfwc8wjfithg.png","image",0.005
"3/4/2026, 7:47:53 pm","ABC","Dil se Godlike (Copy)","zone-1773301722514","https://res.cloudinary.com/drxxhphoz/video/upload/v1774194775/va4svnm2gihe60shgtjg.mp4","video",4.377
"3/4/2026, 7:47:47 pm","ABC","Dil se Godlike (Copy)","zone-1773730231601","https://res.cloudinary.com/drxxhphoz/image/upload/v1773399148/vtuphkntyfwc8wjfithg.png","image",10.083
"3/4/2026, 7:47:47 pm","ABC","Dil se Godlike (Copy)","zone-1773301729954","https://res.cloudinary.com/drxxhphoz/image/upload/v1773399148/vtuphkntyfwc8wjfithg.png","image",10.082
"3/4/2026, 7:47:39 pm","ABC","Dil se Godlike (Copy)","zone-1773301722514","https://res.cloudinary.com/drxxhphoz/video/upload/v1774194776/lugb7jxrx6zeldniz6lv.mp4","video",13.346
"3/4/2026, 7:47:37 pm","ABC","Dil se Godlike (Copy)","zone-1773301729954","https://res.cloudinary.com/drxxhphoz/image/upload/v1773399142/dnuhdotxoncgwru7qitz.jpg","image",9.998
"3/4/2026, 7:47:37 pm","ABC","Dil se Godlike (Copy)","zone-1773730231601","https://res.cloudinary.com/drxxhphoz/image/upload/v1773399142/dnuhdotxoncgwru7qitz.jpg","image",9.998
"3/4/2026, 7:47:27 pm","ABC","Dil se Godlike (Copy)","zone-1773730231601","https://res.cloudinary.com/drxxhphoz/image/upload/v1773399142/eepeb8uu9okckyxp3gsu.jpg","image",10.013
"3/4/2026, 7:47:27 pm","ABC","Dil se Godlike (Copy)","zone-1773301729954","https://res.cloudinary.com/drxxhphoz/image/upload/v1773399142/eepeb8uu9okckyxp3gsu.jpg","image",10.012
"3/4/2026, 7:47:27 pm","ABC","Dil se Godlike (Copy)","zone-1773730231601","https://res.cloudinary.com/drxxhphoz/image/upload/v1773399148/vtuphkntyfwc8wjfithg.png","image",0.005
"3/4/2026, 7:47:27 pm","ABC","Dil se Godlike (Copy)","zone-1773301729954","https://res.cloudinary.com/drxxhphoz/image/upload/v1773399148/vtuphkntyfwc8wjfithg.png","image",0.005
"3/4/2026, 7:47:27 pm","ABC","Dil se Godlike (Copy)","zone-1773301722514","https://res.cloudinary.com/drxxhphoz/video/upload/v1774194775/va4svnm2gihe60shgtjg.mp4","video",12.375
"3/4/2026, 7:47:24 pm","ABC","Dil se Godlike (Copy)","zone-1773301722514","https://res.cloudinary.com/drxxhphoz/video/upload/v1774194775/va4svnm2gihe60shgtjg.mp4","video",3.566
"3/4/2026, 7:47:17 pm","ABC","Dil se Godlike (Copy)","zone-1773730231601","https://res.cloudinary.com/drxxhphoz/image/upload/v1773399148/vtuphkntyfwc8wjfithg.png","image",9.929
"3/4/2026, 7:47:17 pm","ABC","Dil se Godlike (Copy)","zone-1773301729954","https://res.cloudinary.com/drxxhphoz/image/upload/v1773399148/vtuphkntyfwc8wjfithg.png","image",9.928
"3/4/2026, 7:47:10 pm","ABC","Dil se Godlike (Copy)","zone-1773301722514","https://res.cloudinary.com/drxxhphoz/video/upload/v1774194776/lugb7jxrx6zeldniz6lv.mp4","video",13.331
"3/4/2026, 7:47:07 pm","ABC","Dil se Godlike (Copy)","zone-1773301729954","https://res.cloudinary.com/drxxhphoz/image/upload/v1773399142/dnuhdotxoncgwru7qitz.jpg","image",10.011
"3/4/2026, 7:47:07 pm","ABC","Dil se Godlike (Copy)","zone-1773730231601","https://res.cloudinary.com/drxxhphoz/image/upload/v1773399142/dnuhdotxoncgwru7qitz.jpg","image",10.012
"3/4/2026, 7:46:57 pm","ABC","Dil se Godlike (Copy)","zone-1773730231601","https://res.cloudinary.com/drxxhphoz/image/upload/v1773399142/eepeb8uu9okckyxp3gsu.jpg","image",10.01
"3/4/2026, 7:46:57 pm","ABC","Dil se Godlike (Copy)","zone-1773301729954","https://res.cloudinary.com/drxxhphoz/image/upload/v1773399142/eepeb8uu9okckyxp3gsu.jpg","image",10.01
"3/4/2026, 7:46:57 pm","ABC","Dil se Godlike (Copy)","zone-1773301722514","https://res.cloudinary.com/drxxhphoz/video/upload/v1774194775/va4svnm2gihe60shgtjg.mp4","video",13.053
"3/4/2026, 7:46:57 pm","ABC","Dil se Godlike (Copy)","zone-1773730231601","https://res.cloudinary.com/drxxhphoz/image/upload/v1773399148/vtuphkntyfwc8wjfithg.png","image",0.002
"3/4/2026, 7:46:57 pm","ABC","Dil se Godlike (Copy)","zone-1773301729954","https://res.cloudinary.com/drxxhphoz/image/upload/v1773399148/vtuphkntyfwc8wjfithg.png","image",0.001
"3/4/2026, 7:46:54 pm","ABC","Dil se Godlike (Copy)","zone-1773301722514","https://res.cloudinary.com/drxxhphoz/video/upload/v1774194775/va4svnm2gihe60shgtjg.mp4","video",2.891
"3/4/2026, 7:46:47 pm","ABC","Dil se Godlike (Copy)","zone-1773730231601","https://res.cloudinary.com/drxxhphoz/image/upload/v1773399148/vtuphkntyfwc8wjfithg.png","image",9.978
"3/4/2026, 7:46:47 pm","ABC","Dil se Godlike (Copy)","zone-1773301729954","https://res.cloudinary.com/drxxhphoz/image/upload/v1773399148/vtuphkntyfwc8wjfithg.png","image",9.978
"3/4/2026, 7:46:41 pm","ABC","Dil se Godlike (Copy)","zone-1773301722514","https://res.cloudinary.com/drxxhphoz/video/upload/v1774194776/lugb7jxrx6zeldniz6lv.mp4","video",13.332
"3/4/2026, 7:46:37 pm","ABC","Dil se Godlike (Copy)","zone-1773301729954","https://res.cloudinary.com/drxxhphoz/image/upload/v1773399142/dnuhdotxoncgwru7qitz.jpg","image",10.001
"3/4/2026, 7:46:37 pm","ABC","Dil se Godlike (Copy)","zone-1773730231601","https://res.cloudinary.com/drxxhphoz/image/upload/v1773399142/dnuhdotxoncgwru7qitz.jpg","image",10.002
"3/4/2026, 7:46:27 pm","ABC","Dil se Godlike (Copy)","zone-1773730231601","https://res.cloudinary.com/drxxhphoz/image/upload/v1773399142/eepeb8uu9okckyxp3gsu.jpg","image",10.016
"3/4/2026, 7:46:27 pm","ABC","Dil se Godlike (Copy)","zone-1773301729954","https://res.cloudinary.com/drxxhphoz/image/upload/v1773399142/eepeb8uu9okckyxp3gsu.jpg","image",10.015
"3/4/2026, 7:46:27 pm","ABC","Dil se Godlike (Copy)","zone-1773301722514","https://res.cloudinary.com/drxxhphoz/video/upload/v1774194775/va4svnm2gihe60shgtjg.mp4","video",13.779
"3/4/2026, 7:46:27 pm","ABC","Dil se Godlike (Copy)","zone-1773301729954","https://res.cloudinary.com/drxxhphoz/image/upload/v1773399148/vtuphkntyfwc8wjfithg.png","image",0.008
"3/4/2026, 7:46:27 pm","ABC","Dil se Godlike (Copy)","zone-1773730231601","https://res.cloudinary.com/drxxhphoz/image/upload/v1773399148/vtuphkntyfwc8wjfithg.png","image",0.008
"3/4/2026, 7:46:25 pm","ABC","Dil se Godlike (Copy)","zone-1773301722514","https://res.cloudinary.com/drxxhphoz/video/upload/v1774194775/va4svnm2gihe60shgtjg.mp4","video",2.141
"3/4/2026, 7:46:17 pm","ABC","Dil se Godlike (Copy)","zone-1773301729954","https://res.cloudinary.com/drxxhphoz/image/upload/v1773399148/vtuphkntyfwc8wjfithg.png","image",9.927
"3/4/2026, 7:46:17 pm","ABC","Dil se Godlike (Copy)","zone-1773730231601","https://res.cloudinary.com/drxxhphoz/image/upload/v1773399148/vtuphkntyfwc8wjfithg.png","image",9.928
"3/4/2026, 7:46:12 pm","ABC","Dil se Godlike (Copy)","zone-1773301722514","https://res.cloudinary.com/drxxhphoz/video/upload/v1774194776/lugb7jxrx6zeldniz6lv.mp4","video",13.313
"3/4/2026, 7:46:07 pm","ABC","Dil se Godlike (Copy)","zone-1773301729954","https://res.cloudinary.com/drxxhphoz/image/upload/v1773399142/dnuhdotxoncgwru7qitz.jpg","image",10.003
"3/4/2026, 7:46:07 pm","ABC","Dil se Godlike (Copy)","zone-1773730231601","https://res.cloudinary.com/drxxhphoz/image/upload/v1773399142/dnuhdotxoncgwru7qitz.jpg","image",10.004
"3/4/2026, 7:45:57 pm","ABC","Dil se Godlike (Copy)","zone-1773730231601","https://res.cloudinary.com/drxxhphoz/image/upload/v1773399142/eepeb8uu9okckyxp3gsu.jpg","image",10.01
"3/4/2026, 7:45:57 pm","ABC","Dil se Godlike (Copy)","zone-1773301729954","https://res.cloudinary.com/drxxhphoz/image/upload/v1773399142/eepeb8uu9okckyxp3gsu.jpg","image",10.009
"3/4/2026, 7:45:57 pm","ABC","Dil se Godlike (Copy)","zone-1773301722514","https://res.cloudinary.com/drxxhphoz/video/upload/v1774194775/va4svnm2gihe60shgtjg.mp4","video",14.496
"3/4/2026, 7:45:57 pm","ABC","Dil se Godlike (Copy)","zone-1773730231601","https://res.cloudinary.com/drxxhphoz/image/upload/v1773399148/vtuphkntyfwc8wjfithg.png","image",0.007
"3/4/2026, 7:45:57 pm","ABC","Dil se Godlike (Copy)","zone-1773301729954","https://res.cloudinary.com/drxxhphoz/image/upload/v1773399148/vtuphkntyfwc8wjfithg.png","image",0.007
"3/4/2026, 7:45:56 pm","ABC","Dil se Godlike (Copy)","zone-1773301722514","https://res.cloudinary.com/drxxhphoz/video/upload/v1774194775/va4svnm2gihe60shgtjg.mp4","video",1.532
"3/4/2026, 7:45:47 pm","ABC","Dil se Godlike (Copy)","zone-1773730231601","https://res.cloudinary.com/drxxhphoz/image/upload/v1773399148/vtuphkntyfwc8wjfithg.png","image",9.959
"3/4/2026, 7:45:47 pm","ABC","Dil se Godlike (Copy)","zone-1773301729954","https://res.cloudinary.com/drxxhphoz/image/upload/v1773399148/vtuphkntyfwc8wjfithg.png","image",9.959
"3/4/2026, 7:45:39 pm","ABC","Dil se Godlike (Copy)","zone-1773301722514","https://res.cloudinary.com/drxxhphoz/video/upload/v1774194776/lugb7jxrx6zeldniz6lv.mp4","video",17.002
"3/4/2026, 7:45:37 pm","ABC","Dil se Godlike (Copy)","zone-1773730231601","https://res.cloudinary.com/drxxhphoz/image/upload/v1773399142/dnuhdotxoncgwru7qitz.jpg","image",9.997
"3/4/2026, 7:45:37 pm","ABC","Dil se Godlike (Copy)","zone-1773301729954","https://res.cloudinary.com/drxxhphoz/image/upload/v1773399142/dnuhdotxoncgwru7qitz.jpg","image",9.996
"3/4/2026, 7:45:27 pm","ABC","Dil se Godlike (Copy)","zone-1773730231601","https://res.cloudinary.com/drxxhphoz/image/upload/v1773399142/eepeb8uu9okckyxp3gsu.jpg","image",10.008
"3/4/2026, 7:45:27 pm","ABC","Dil se Godlike (Copy)","zone-1773301729954","https://res.cloudinary.com/drxxhphoz/image/upload/v1773399142/eepeb8uu9okckyxp3gsu.jpg","image",10.007
"3/4/2026, 7:45:27 pm","ABC","Dil se Godlike (Copy)","zone-1773301722514","https://res.cloudinary.com/drxxhphoz/video/upload/v1774194775/va4svnm2gihe60shgtjg.mp4","video",11.429
"3/4/2026, 7:45:27 pm","ABC","Dil se Godlike (Copy)","zone-1773730231601","https://res.cloudinary.com/drxxhphoz/image/upload/v1773399142/eepeb8uu9okckyxp3gsu.jpg","image",0.105
"3/4/2026, 7:45:27 pm","ABC","Dil se Godlike (Copy)","zone-1773301729954","https://res.cloudinary.com/drxxhphoz/image/upload/v1773399142/eepeb8uu9okckyxp3gsu.jpg","image",0.104
"3/4/2026, 7:45:23 pm","ABC","Dil se Godlike (Copy)","zone-1773301722514","https://res.cloudinary.com/drxxhphoz/video/upload/v1774194775/va4svnm2gihe60shgtjg.mp4","video",4.55
"3/4/2026, 7:45:17 pm","ABC","Dil se Godlike (Copy)","zone-1773730231601","https://res.cloudinary.com/drxxhphoz/image/upload/v1773399148/vtuphkntyfwc8wjfithg.png","image",10.004
"3/4/2026, 7:45:17 pm","ABC","Dil se Godlike (Copy)","zone-1773301729954","https://res.cloudinary.com/drxxhphoz/image/upload/v1773399148/vtuphkntyfwc8wjfithg.png","image",10.003
"3/4/2026, 7:45:09 pm","ABC","Dil se Godlike (Copy)","zone-1773301722514","https://res.cloudinary.com/drxxhphoz/video/upload/v1774194776/lugb7jxrx6zeldniz6lv.mp4","video",13.398
"3/4/2026, 7:45:07 pm","ABC","Dil se Godlike (Copy)","zone-1773730231601","https://res.cloudinary.com/drxxhphoz/image/upload/v1773399142/dnuhdotxoncgwru7qitz.jpg","image",10.014
"3/4/2026, 7:45:07 pm","ABC","Dil se Godlike (Copy)","zone-1773301729954","https://res.cloudinary.com/drxxhphoz/image/upload/v1773399142/dnuhdotxoncgwru7qitz.jpg","image",10.013
"3/4/2026, 7:44:57 pm","ABC","Dil se Godlike (Copy)","zone-1773301729954","https://res.cloudinary.com/drxxhphoz/image/upload/v1773399142/eepeb8uu9okckyxp3gsu.jpg","image",10.005
"3/4/2026, 7:44:57 pm","ABC","Dil se Godlike (Copy)","zone-1773730231601","https://res.cloudinary.com/drxxhphoz/image/upload/v1773399142/eepeb8uu9okckyxp3gsu.jpg","image",10.005
"3/4/2026, 7:44:57 pm","ABC","Dil se Godlike (Copy)","zone-1773301722514","https://res.cloudinary.com/drxxhphoz/video/upload/v1774194775/va4svnm2gihe60shgtjg.mp4","video",12.182
"3/4/2026, 7:44:57 pm","ABC","Dil se Godlike (Copy)","zone-1773730231601","https://res.cloudinary.com/drxxhphoz/image/upload/v1773399148/vtuphkntyfwc8wjfithg.png","image",0.001
"3/4/2026, 7:44:57 pm","ABC","Dil se Godlike (Copy)","zone-1773301729954","https://res.cloudinary.com/drxxhphoz/image/upload/v1773399148/vtuphkntyfwc8wjfithg.png","image",0.001
"3/4/2026, 7:44:53 pm","ABC","Dil se Godlike (Copy)","zone-1773301722514","https://res.cloudinary.com/drxxhphoz/video/upload/v1774194775/va4svnm2gihe60shgtjg.mp4","video",3.761
"3/4/2026, 7:44:47 pm","ABC","Dil se Godlike (Copy)","zone-1773730231601","https://res.cloudinary.com/drxxhphoz/image/upload/v1773399148/vtuphkntyfwc8wjfithg.png","image",9.947
"3/4/2026, 7:44:47 pm","ABC","Dil se Godlike (Copy)","zone-1773301729954","https://res.cloudinary.com/drxxhphoz/image/upload/v1773399148/vtuphkntyfwc8wjfithg.png","image",9.946
"3/4/2026, 7:44:40 pm","ABC","Dil se Godlike (Copy)","zone-1773301722514","https://res.cloudinary.com/drxxhphoz/video/upload/v1774194776/lugb7jxrx6zeldniz6lv.mp4","video",13.306
"3/4/2026, 7:44:37 pm","ABC","Dil se Godlike (Copy)","zone-1773301729954","https://res.cloudinary.com/drxxhphoz/image/upload/v1773399142/dnuhdotxoncgwru7qitz.jpg","image",10.003
"3/4/2026, 7:44:37 pm","ABC","Dil se Godlike (Copy)","zone-1773730231601","https://res.cloudinary.com/drxxhphoz/image/upload/v1773399142/dnuhdotxoncgwru7qitz.jpg","image",10.003
"3/4/2026, 7:44:27 pm","ABC","Dil se Godlike (Copy)","zone-1773730231601","https://res.cloudinary.com/drxxhphoz/image/upload/v1773399142/eepeb8uu9okckyxp3gsu.jpg","image",10.01
"3/4/2026, 7:44:27 pm","ABC","Dil se Godlike (Copy)","zone-1773301722514","https://res.cloudinary.com/drxxhphoz/video/upload/v1774194775/va4svnm2gihe60shgtjg.mp4","video",12.894
"3/4/2026, 7:44:27 pm","ABC","Dil se Godlike (Copy)","zone-1773301729954","https://res.cloudinary.com/drxxhphoz/image/upload/v1773399142/eepeb8uu9okckyxp3gsu.jpg","image",10.011
"3/4/2026, 7:44:24 pm","ABC","Dil se Godlike (Copy)","zone-1773301722514","https://res.cloudinary.com/drxxhphoz/video/upload/v1774194775/va4svnm2gihe60shgtjg.mp4","video",2.987
"3/4/2026, 7:44:17 pm","ABC","Dil se Godlike (Copy)","zone-1773730231601","https://res.cloudinary.com/drxxhphoz/image/upload/v1773399148/vtuphkntyfwc8wjfithg.png","image",10.008
"3/4/2026, 7:44:17 pm","ABC","Dil se Godlike (Copy)","zone-1773301729954","https://res.cloudinary.com/drxxhphoz/image/upload/v1773399148/vtuphkntyfwc8wjfithg.png","image",10.007
"3/4/2026, 7:44:11 pm","ABC","Dil se Godlike (Copy)","zone-1773301722514","https://res.cloudinary.com/drxxhphoz/video/upload/v1774194776/lugb7jxrx6zeldniz6lv.mp4","video",13.284
"3/4/2026, 7:44:07 pm","ABC","Dil se Godlike (Copy)","zone-1773730231601","https://res.cloudinary.com/drxxhphoz/image/upload/v1773399142/dnuhdotxoncgwru7qitz.jpg","image",10.006
"3/4/2026, 7:44:07 pm","ABC","Dil se Godlike (Copy)","zone-1773301729954","https://res.cloudinary.com/drxxhphoz/image/upload/v1773399142/dnuhdotxoncgwru7qitz.jpg","image",10.006
"3/4/2026, 7:43:57 pm","ABC","Dil se Godlike (Copy)","zone-1773301729954","https://res.cloudinary.com/drxxhphoz/image/upload/v1773399142/eepeb8uu9okckyxp3gsu.jpg","image",10.011
"3/4/2026, 7:43:57 pm","ABC","Dil se Godlike (Copy)","zone-1773730231601","https://res.cloudinary.com/drxxhphoz/image/upload/v1773399142/eepeb8uu9okckyxp3gsu.jpg","image",10.012
"3/4/2026, 7:43:57 pm","ABC","Dil se Godlike (Copy)","zone-1773301729954","https://res.cloudinary.com/drxxhphoz/image/upload/v1773399148/vtuphkntyfwc8wjfithg.png","image",0
"3/4/2026, 7:43:57 pm","ABC","Dil se Godlike (Copy)","zone-1773730231601","https://res.cloudinary.com/drxxhphoz/image/upload/v1773399148/vtuphkntyfwc8wjfithg.png","image",0
"3/4/2026, 7:43:57 pm","ABC","Dil se Godlike (Copy)","zone-1773301722514","https://res.cloudinary.com/drxxhphoz/video/upload/v1774194775/va4svnm2gihe60shgtjg.mp4","video",13.755
"3/4/2026, 7:43:55 pm","ABC","Dil se Godlike (Copy)","zone-1773301722514","https://res.cloudinary.com/drxxhphoz/video/upload/v1774194775/va4svnm2gihe60shgtjg.mp4","video",2.168
"3/4/2026, 7:43:47 pm","ABC","Dil se Godlike (Copy)","zone-1773730231601","https://res.cloudinary.com/drxxhphoz/image/upload/v1773399148/vtuphkntyfwc8wjfithg.png","image",9.999
"3/4/2026, 7:43:47 pm","ABC","Dil se Godlike (Copy)","zone-1773301729954","https://res.cloudinary.com/drxxhphoz/image/upload/v1773399148/vtuphkntyfwc8wjfithg.png","image",9.999
"3/4/2026, 7:43:42 pm","ABC","Dil se Godlike (Copy)","zone-1773301722514","https://res.cloudinary.com/drxxhphoz/video/upload/v1774194776/lugb7jxrx6zeldniz6lv.mp4","video",13.311
"3/4/2026, 7:43:37 pm","ABC","Dil se Godlike (Copy)","zone-1773301729954","https://res.cloudinary.com/drxxhphoz/image/upload/v1773399142/dnuhdotxoncgwru7qitz.jpg","image",10.008
"3/4/2026, 7:43:37 pm","ABC","Dil se Godlike (Copy)","zone-1773730231601","https://res.cloudinary.com/drxxhphoz/image/upload/v1773399142/dnuhdotxoncgwru7qitz.jpg","image",10.009
"3/4/2026, 7:43:27 pm","ABC","Dil se Godlike (Copy)","zone-1773730231601","https://res.cloudinary.com/drxxhphoz/image/upload/v1773399142/eepeb8uu9okckyxp3gsu.jpg","image",10.011
"3/4/2026, 7:43:27 pm","ABC","Dil se Godlike (Copy)","zone-1773301729954","https://res.cloudinary.com/drxxhphoz/image/upload/v1773399142/eepeb8uu9okckyxp3gsu.jpg","image",10.011
"3/4/2026, 7:43:27 pm","ABC","Dil se Godlike (Copy)","zone-1773301722514","https://res.cloudinary.com/drxxhphoz/video/upload/v1774194775/va4svnm2gihe60shgtjg.mp4","video",14.54
"3/4/2026, 7:43:27 pm","ABC","Dil se Godlike (Copy)","zone-1773301729954","https://res.cloudinary.com/drxxhphoz/image/upload/v1773399148/vtuphkntyfwc8wjfithg.png","image",0
"3/4/2026, 7:43:27 pm","ABC","Dil se Godlike (Copy)","zone-1773730231601","https://res.cloudinary.com/drxxhphoz/image/upload/v1773399148/vtuphkntyfwc8wjfithg.png","image",0.001
"3/4/2026, 7:43:26 pm","ABC","Dil se Godlike (Copy)","zone-1773301722514","https://res.cloudinary.com/drxxhphoz/video/upload/v1774194775/va4svnm2gihe60shgtjg.mp4","video",1.398
"3/4/2026, 7:43:17 pm","ABC","Dil se Godlike (Copy)","zone-1773730231601","https://res.cloudinary.com/drxxhphoz/image/upload/v1773399148/vtuphkntyfwc8wjfithg.png","image",9.96
"3/4/2026, 7:43:17 pm","ABC","Dil se Godlike (Copy)","zone-1773301729954","https://res.cloudinary.com/drxxhphoz/image/upload/v1773399148/vtuphkntyfwc8wjfithg.png","image",9.96
"3/4/2026, 7:43:12 pm","ABC","Dil se Godlike (Copy)","zone-1773301722514","https://res.cloudinary.com/drxxhphoz/video/upload/v1774194776/lugb7jxrx6zeldniz6lv.mp4","video",13.296
"3/4/2026, 7:43:07 pm","ABC","Dil se Godlike (Copy)","zone-1773730231601","https://res.cloudinary.com/drxxhphoz/image/upload/v1773399142/dnuhdotxoncgwru7qitz.jpg","image",10.01
"3/4/2026, 7:43:07 pm","ABC","Dil se Godlike (Copy)","zone-1773301729954","https://res.cloudinary.com/drxxhphoz/image/upload/v1773399142/dnuhdotxoncgwru7qitz.jpg","image",10.01
"3/4/2026, 7:42:57 pm","ABC","Dil se Godlike (Copy)","zone-1773301729954","https://res.cloudinary.com/drxxhphoz/image/upload/v1773399142/eepeb8uu9okckyxp3gsu.jpg","image",10.003
"3/4/2026, 7:42:57 pm","ABC","Dil se Godlike (Copy)","zone-1773730231601","https://res.cloudinary.com/drxxhphoz/image/upload/v1773399142/eepeb8uu9okckyxp3gsu.jpg","image",10.003
"3/4/2026, 7:42:57 pm","ABC","Dil se Godlike (Copy)","zone-1773301729954","https://res.cloudinary.com/drxxhphoz/image/upload/v1773399148/vtuphkntyfwc8wjfithg.png","image",0.008
"3/4/2026, 7:42:57 pm","ABC","Dil se Godlike (Copy)","zone-1773730231601","https://res.cloudinary.com/drxxhphoz/image/upload/v1773399148/vtuphkntyfwc8wjfithg.png","image",0.008
"3/4/2026, 7:42:57 pm","ABC","Dil se Godlike (Copy)","zone-1773301722514","https://res.cloudinary.com/drxxhphoz/video/upload/v1774194775/va4svnm2gihe60shgtjg.mp4","video",15.288
"3/4/2026, 7:42:56 pm","ABC","Dil se Godlike (Copy)","zone-1773301722514","https://res.cloudinary.com/drxxhphoz/video/upload/v1774194775/va4svnm2gihe60shgtjg.mp4","video",0.715
"3/4/2026, 7:42:47 pm","ABC","Dil se Godlike (Copy)","zone-1773730231601","https://res.cloudinary.com/drxxhphoz/image/upload/v1773399148/vtuphkntyfwc8wjfithg.png","image",9.995
"3/4/2026, 7:42:47 pm","ABC","Dil se Godlike (Copy)","zone-1773301729954","https://res.cloudinary.com/drxxhphoz/image/upload/v1773399148/vtuphkntyfwc8wjfithg.png","image",9.994
"3/4/2026, 7:42:43 pm","ABC","Dil se Godlike (Copy)","zone-1773301722514","https://res.cloudinary.com/drxxhphoz/video/upload/v1774194776/lugb7jxrx6zeldniz6lv.mp4","video",13.267
"3/4/2026, 7:42:37 pm","ABC","Dil se Godlike (Copy)","zone-1773730231601","https://res.cloudinary.com/drxxhphoz/image/upload/v1773399142/dnuhdotxoncgwru7qitz.jpg","image",10.008
"3/4/2026, 7:42:37 pm","ABC","Dil se Godlike (Copy)","zone-1773301729954","https://res.cloudinary.com/drxxhphoz/image/upload/v1773399142/dnuhdotxoncgwru7qitz.jpg","image",10.008
"3/4/2026, 7:42:27 pm","ABC","Dil se Godlike (Copy)","zone-1773301722514","https://res.cloudinary.com/drxxhphoz/video/upload/v1774194775/va4svnm2gihe60shgtjg.mp4","video",16.022
"3/4/2026, 7:42:27 pm","ABC","Dil se Godlike (Copy)","zone-1773730231601","https://res.cloudinary.com/drxxhphoz/image/upload/v1773399142/eepeb8uu9okckyxp3gsu.jpg","image",10.002
"3/4/2026, 7:42:27 pm","ABC","Dil se Godlike (Copy)","zone-1773301729954","https://res.cloudinary.com/drxxhphoz/image/upload/v1773399142/eepeb8uu9okckyxp3gsu.jpg","image",10.002
"3/4/2026, 7:42:27 pm","ABC","Dil se Godlike (Copy)","zone-1773730231601","https://res.cloudinary.com/drxxhphoz/image/upload/v1773399148/vtuphkntyfwc8wjfithg.png","image",0.002
"3/4/2026, 7:42:27 pm","ABC","Dil se Godlike (Copy)","zone-1773301729954","https://res.cloudinary.com/drxxhphoz/image/upload/v1773399148/vtuphkntyfwc8wjfithg.png","image",0.002
"3/4/2026, 7:42:27 pm","ABC","Dil se Godlike (Copy)","zone-1773301722514","https://res.cloudinary.com/drxxhphoz/video/upload/v1774194776/lugb7jxrx6zeldniz6lv.mp4","video",0.002
"3/4/2026, 7:42:19 pm","ABC","Dil se Godlike (Copy)","zone-1773301722514","https://res.cloudinary.com/drxxhphoz/video/upload/v1774194776/lugb7jxrx6zeldniz6lv.mp4","video",8.465
"3/4/2026, 7:42:18 pm","ABC","Dil se Godlike (Copy)","zone-1773730231601","https://res.cloudinary.com/drxxhphoz/image/upload/v1773399148/vtuphkntyfwc8wjfithg.png","image",8.745
"3/4/2026, 7:42:18 pm","ABC","Dil se Godlike (Copy)","zone-1773301729954","https://res.cloudinary.com/drxxhphoz/image/upload/v1773399148/vtuphkntyfwc8wjfithg.png","image",8.745
"3/4/2026, 7:42:08 pm","ABC","Dil se Godlike (Copy)","zone-1773730231601","https://res.cloudinary.com/drxxhphoz/image/upload/v1773399142/dnuhdotxoncgwru7qitz.jpg","image",10.004
"3/4/2026, 7:42:08 pm","ABC","Dil se Godlike (Copy)","zone-1773301729954","https://res.cloudinary.com/drxxhphoz/image/upload/v1773399142/dnuhdotxoncgwru7qitz.jpg","image",10.005
"3/4/2026, 7:41:57 pm","ABC","Dil se Godlike (Copy)","zone-1773730231601","https://res.cloudinary.com/drxxhphoz/image/upload/v1773399142/eepeb8uu9okckyxp3gsu.jpg","image",10.983
"3/4/2026, 7:41:57 pm","ABC","Dil se Godlike (Copy)","zone-1773301729954","https://res.cloudinary.com/drxxhphoz/image/upload/v1773399142/eepeb8uu9okckyxp3gsu.jpg","image",10.983
"3/4/2026, 7:41:57 pm","ABC","Dil se Godlike (Copy)","zone-1773301722514","https://res.cloudinary.com/drxxhphoz/video/upload/v1774194775/va4svnm2gihe60shgtjg.mp4","video",21.27